# Blender v2.82 (sub 7) OBJ File: ''
# www.blender.org
mtllib curved_stem1.mtl
o mesh.006
v 0.010283 -0.015973 0.017093
v 0.014341 -0.014352 0.010365
v 0.010569 -0.013778 0.013207
v -0.006396 -0.022883 -0.038962
v -0.003537 -0.024141 -0.036748
v -0.006057 -0.018940 -0.036372
v 0.010152 -0.006752 -0.025348
v 0.010392 -0.010770 -0.024038
v 0.006739 -0.014838 -0.030886
v 0.012153 -0.006791 -0.020382
v 0.012595 -0.004185 -0.015761
v 0.012783 -0.009580 -0.017675
v 0.014280 -0.009282 -0.012031
v 0.013395 -0.008686 -0.009395
v 0.010038 -0.008958 -0.013490
v 0.011436 -0.010164 -0.009089
v 0.008804 -0.002431 -0.011824
v -0.001112 -0.005937 -0.032721
v -0.002920 -0.009333 -0.033582
v 0.001698 -0.008825 -0.031272
v 0.005109 -0.005767 -0.025508
v 0.006190 0.000149 0.004520
v 0.007529 -0.003722 -0.005700
v 0.008970 -0.007439 -0.000074
v 0.013692 0.001309 0.008611
v 0.013609 -0.002306 0.002799
v 0.016030 0.004092 -0.003949
v -0.011162 -0.008424 0.028983
v -0.012413 -0.010749 0.034365
v -0.012681 -0.002814 0.031819
v -0.011014 0.000681 0.028620
v -0.010302 -0.002613 0.034078
v 0.002521 0.018033 -0.006104
v 0.004606 0.013694 -0.010741
v 0.003910 0.009883 -0.005790
v 0.003072 0.013782 -0.002003
v 0.000984 0.014936 0.009067
v 0.000193 0.004361 0.014373
v -0.002248 0.017605 0.015397
v -0.004133 0.013413 0.019394
v 0.003643 0.019051 -0.023713
v 0.003617 0.025018 -0.015111
v 0.002901 0.028456 -0.024121
v 0.001813 0.029218 -0.010062
v 0.003768 0.020142 -0.010019
v 0.001278 0.024157 -0.007173
v 0.000194 0.025021 -0.002740
v -0.006980 0.017740 0.031311
v -0.004160 0.011662 0.032281
v -0.004292 0.016345 0.031891
v -0.007412 0.010549 0.031492
v -0.010004 0.014187 0.028178
v -0.010378 0.008886 0.028112
v -0.009482 0.018956 0.028347
v -0.008728 0.021304 0.030265
v 0.004623 0.043200 -0.032785
v 0.008235 0.037843 -0.035222
v 0.003032 0.033098 -0.035409
v 0.311463 0.333875 -0.005551
v 0.316118 0.335500 -0.003753
v 0.316607 0.335609 -0.007153
v 0.311770 0.331445 -0.010081
v 0.309034 0.332727 -0.008820
v 0.316562 0.330845 0.000153
v 0.306132 0.330630 -0.001223
v -0.006369 0.037771 0.027105
v -0.004343 0.032698 0.029948
v -0.003173 0.039649 0.028086
v -0.007681 0.029720 0.028628
v 0.298595 0.329198 -0.000931
v 0.303541 0.331769 -0.005643
v -0.006756 0.043751 0.019997
v -0.004590 0.040773 0.015609
v -0.005101 0.031727 0.017837
v -0.007368 0.041172 0.023107
v -0.007923 0.033699 0.021809
v 0.007368 0.055730 -0.029013
v 0.003803 0.051629 -0.028124
v 0.005281 0.058329 -0.026026
v 0.002836 0.052296 -0.026476
v 0.007937 0.064482 -0.026022
v 0.011729 0.057164 -0.029966
v 0.005340 0.058660 -0.005635
v 0.002971 0.052751 -0.006981
v 0.003905 0.053307 -0.004749
v 0.001410 0.059534 0.005615
v 0.006083 0.061865 0.001712
v 0.005386 0.054819 -0.001883
v 0.002360 0.050263 -0.000717
v 0.000823 0.048622 0.004095
v -0.004116 0.051223 0.015074
v -0.001618 0.055966 0.010471
v 0.009094 0.062309 -0.009066
v 0.012484 0.071446 -0.008418
v 0.011018 0.067397 -0.011616
v 0.012804 0.069689 -0.003187
v 0.009733 0.066036 -0.004750
v 0.008290 0.060324 -0.003390
v 0.007170 0.064078 -0.006770
v 0.005885 0.059008 -0.007587
v 0.009120 0.067715 0.000366
v 0.013015 0.075097 -0.000410
v 0.013833 0.073922 -0.011118
v 0.018402 0.082960 -0.008386
v 0.014340 0.076605 -0.004876
v 0.017285 0.080615 -0.002133
v 0.010624 0.071541 -0.007003
v 0.018099 0.083951 -0.003840
v 0.013919 0.082251 0.001605
v 0.006561 0.073443 0.005042
v 0.004099 0.067326 0.005852
v 0.014691 0.084119 -0.021668
v 0.016067 0.079453 -0.023926
v 0.012119 0.080088 -0.021351
v 0.009852 0.074034 -0.023092
v 0.009116 0.077429 -0.020379
v 0.011402 0.079302 -0.017124
v 0.009737 0.073159 -0.016956
v 0.015757 0.080032 -0.012343
v 0.016445 0.085567 -0.013859
v 0.023720 0.094847 -0.009779
v 0.021521 0.089599 -0.008765
v 0.022351 0.094682 -0.006293
v 0.025009 0.098766 -0.005190
v 0.021928 0.093009 -0.004253
v 0.020065 0.088867 -0.005914
v 0.026362 0.098184 -0.003185
v 0.025038 0.095927 -0.001162
v 0.019764 0.087741 -0.000471
v 0.020810 0.097976 0.002837
v 0.012654 0.093387 0.006811
v 0.007352 0.084205 0.008655
v 0.004801 0.076242 0.014488
v 0.008625 0.084751 0.012428
v 0.004063 0.078262 0.009755
v 0.026872 0.107253 -0.011723
v 0.027742 0.102189 -0.009399
v 0.033466 0.114394 -0.008497
v 0.030722 0.108456 -0.006662
v 0.033191 0.112563 -0.005628
v 0.016159 0.100132 0.008082
v 0.021451 0.109082 0.005672
v 0.012554 0.093215 0.009906
v 0.205828 0.301268 -0.003570
v 0.212813 0.303508 -0.002912
v 0.211495 0.306270 -0.005341
v 0.206173 0.301489 -0.000736
v 0.059969 0.160825 -0.004971
v 0.054978 0.154276 -0.005919
v 0.056930 0.154661 -0.002228
v 0.061059 0.159943 -0.002001
v 0.054124 0.150825 -0.003332
v 0.069968 0.172934 -0.001333
v 0.066871 0.166287 0.001409
v 0.070939 0.173289 0.001706
v 0.065314 0.166948 -0.001471
v 0.064436 0.162072 -0.000130
v 0.060356 0.156751 0.000155
v 0.060004 0.158774 0.002190
v 0.060177 0.164003 0.004217
v 0.045645 0.139595 0.002792
v 0.041218 0.137943 0.005026
v 0.043948 0.142925 0.005827
v 0.044000 0.142116 0.008082
v 0.209104 0.305433 0.003465
v 0.216473 0.307975 0.001985
v 0.212376 0.306697 0.000994
v 0.213777 0.305678 0.005390
v 0.207294 0.304225 0.001530
v 0.212891 0.303912 -0.000369
v 0.201272 0.298171 -0.002041
v 0.201278 0.300709 0.000419
v 0.065400 0.169823 0.003530
v 0.061565 0.168168 0.004977
v 0.059266 0.164434 0.007695
v 0.064117 0.169708 0.007341
v 0.056220 0.160016 0.005094
v 0.066043 0.178432 -0.006387
v 0.067612 0.177696 -0.005213
v 0.071536 0.183151 -0.005220
v 0.092343 0.206591 -0.000234
v 0.097572 0.214205 0.000400
v 0.092112 0.210102 -0.003049
v 0.094816 0.211900 0.002760
v 0.092541 0.206178 0.002086
v 0.085762 0.201652 -0.002819
v 0.087038 0.201259 -0.004790
v 0.087146 0.205895 -0.005054
v 0.088658 0.205360 -0.002231
v 0.089248 0.204211 -0.005172
v 0.088536 0.200557 -0.000952
v 0.089614 0.207330 0.004245
v 0.095256 0.218647 -0.005729
v 0.090000 0.214665 -0.006965
v 0.092481 0.212757 -0.005665
v 0.092790 0.215003 -0.008533
v 0.090886 0.209862 -0.009311
v 0.088639 0.209645 -0.005701
v 0.085928 0.205339 -0.007755
v 0.137936 0.263562 -0.001654
v 0.131160 0.258128 -0.001354
v 0.133494 0.258119 0.001141
v 0.129396 0.255718 0.001801
v 0.131389 0.259098 0.003100
v 0.010410 0.000497 0.016541
v 0.008777 -0.005269 0.014335
v 0.011043 -0.008635 0.006684
v 0.005320 -0.007232 0.021893
v 0.008008 -0.009565 0.013955
v -0.002136 -0.009435 0.020807
v 0.003157 -0.010898 0.015066
v -0.000296 -0.014631 0.020933
v 0.001257 -0.005636 -0.036316
v -0.000959 -0.010353 -0.037096
v -0.004207 -0.010820 -0.038367
v -0.001523 -0.014283 -0.037071
v -0.006414 -0.016447 -0.039168
v -0.007066 -0.011481 -0.037823
v -0.005593 -0.013145 -0.035120
v -0.008337 -0.017191 -0.037794
v -0.006138 -0.002842 0.024112
v -0.006168 -0.012162 0.025315
v -0.010501 -0.012395 0.029251
v -0.004700 -0.014369 0.026906
v -0.008991 -0.013656 0.032272
v -0.004653 -0.010252 0.033075
v -0.007190 -0.007595 0.034256
v -0.011778 -0.012417 0.031948
v -0.010658 0.004018 0.031979
v -0.008840 0.003948 0.033465
v 0.005619 0.030342 -0.037352
v -0.008477 0.021009 0.024686
v -0.006996 0.026846 0.021017
v -0.009059 0.025823 0.028007
v 0.305482 0.329559 -0.010530
v -0.006591 0.024590 0.030871
v -0.003930 0.027102 0.031083
v 0.006679 0.057477 -0.014565
v 0.004200 0.054501 -0.018945
v 0.004061 0.048609 -0.012879
v 0.005671 0.053678 -0.010216
v 0.008976 0.061391 -0.012702
v 0.001855 0.047575 -0.008845
v -0.000042 0.046810 -0.006975
v 0.001667 0.048170 -0.004426
v 0.015587 0.080654 -0.006282
v 0.019020 0.091586 -0.013232
v 0.021816 0.089908 -0.002750
v 0.235291 0.312665 -0.003940
v 0.230231 0.309842 -0.004222
v 0.231109 0.310577 -0.001225
v 0.236658 0.313287 0.000403
v 0.053448 0.145424 -0.009074
v 0.048944 0.143248 -0.010593
v 0.049179 0.149426 -0.010178
v 0.054653 0.151309 -0.008910
v 0.044582 0.144511 -0.009961
v 0.044378 0.140320 -0.010979
v 0.042905 0.140319 -0.007591
v 0.047059 0.142799 -0.007982
v 0.044476 0.143258 -0.007529
v 0.049602 0.147381 -0.007049
v 0.050749 0.145123 -0.006119
v 0.052174 0.146824 -0.003098
v 0.055807 0.150146 0.000480
v 0.047049 0.148216 -0.007363
v 0.054226 0.156706 -0.008988
v 0.050954 0.155827 -0.008987
v 0.050557 0.153812 -0.007415
v 0.046310 0.147550 -0.009535
v 0.212117 0.306444 -0.007886
v 0.205704 0.304467 -0.007235
v 0.202653 0.303598 -0.004824
v 0.172490 0.283071 -0.003109
v 0.168607 0.282506 -0.002982
v 0.170480 0.283171 -0.000753
v 0.088098 0.200281 0.002816
v 0.087095 0.204979 0.005404
v 0.083469 0.196559 0.003891
v 0.078414 0.192349 0.007922
v 0.079503 0.192137 0.004882
v 0.084706 0.201619 0.007564
v 0.076020 0.186903 0.004614
v 0.074623 0.186052 0.008509
v 0.100971 0.219506 0.000111
v 0.098980 0.220497 -0.000613
v 0.094770 0.215279 -0.001445
v 0.103268 0.223796 0.000886
v 0.100297 0.218801 0.002859
v 0.095379 0.216860 0.003988
v 0.094597 0.215281 -0.003602
v 0.084033 0.203760 -0.004728
v 0.089572 0.210475 0.007565
v 0.158878 0.277007 -0.004049
v 0.164309 0.281504 -0.002835
v 0.163419 0.281187 -0.005360
v 0.160762 0.280832 -0.000536
v 0.158078 0.278410 -0.001788
v 0.155026 0.274461 -0.003596
v 0.153485 0.274813 -0.004934
v 0.164040 0.283988 0.004140
v 0.164474 0.281974 0.001593
v 0.157933 0.279265 0.001579
v 0.156416 0.278726 0.005184
v 0.152723 0.276965 0.003682
v 0.120916 0.249932 0.003490
v 0.124834 0.252654 0.001272
v 0.121539 0.247583 0.001355
v 0.125877 0.255753 0.003162
v -0.000287 -0.024051 -0.037244
v 0.000883 -0.022971 -0.032845
v 0.004763 -0.005331 -0.031886
v 0.004861 -0.008396 -0.030294
v 0.002068 -0.007044 -0.033822
v 0.007450 -0.004068 -0.029180
v 0.013111 0.002254 -0.025197
v 0.012807 -0.002265 -0.020161
v 0.011216 -0.001462 -0.026355
v 0.008955 -0.014904 -0.023114
v 0.009302 -0.009703 -0.019523
v 0.016621 0.005966 -0.015755
v 0.013795 -0.000864 -0.011299
v 0.016097 0.004638 -0.010280
v 0.002652 -0.011216 -0.033128
v 0.005941 0.008199 -0.015752
v 0.006468 0.004507 -0.009608
v 0.007446 -0.000479 -0.018431
v -0.006176 -0.007846 -0.035964
v -0.004715 -0.006755 -0.037124
v 0.006110 0.001324 -0.002280
v 0.004193 0.007800 0.002548
v -0.003944 0.001753 -0.039013
v -0.000634 0.001928 -0.040215
v -0.003414 -0.002646 -0.038624
v -0.004211 0.001892 -0.036371
v -0.001342 0.010812 -0.034197
v -0.001718 0.000148 -0.033761
v 0.002883 0.000833 -0.029153
v 0.003507 0.005642 -0.027305
v 0.004875 0.010403 -0.021332
v -0.000637 0.020308 -0.034052
v 0.001639 0.017769 -0.029904
v 0.000973 0.025171 -0.036630
v 0.000467 0.028849 -0.034145
v 0.000924 0.026934 -0.030499
v 0.000805 0.033818 -0.031273
v 0.008502 0.045321 -0.033026
v 0.002247 0.045073 -0.029343
v 0.002194 0.043281 -0.025847
v 0.003234 0.049800 -0.020671
v 0.002536 0.043115 -0.019184
v 0.002469 0.039974 -0.013733
v 0.012742 0.068921 -0.026712
v 0.007503 0.065002 -0.017376
v 0.005959 0.066272 -0.022146
v 0.002062 0.072408 0.009970
v -0.001211 0.065172 0.012792
v 0.000978 0.070432 0.013514
v 0.258552 0.319336 -0.007809
v 0.267375 0.322245 -0.008569
v 0.258487 0.318965 -0.010517
v 0.263620 0.320289 -0.005864
v 0.253477 0.318231 -0.006420
v 0.030039 0.106664 -0.003642
v 0.033501 0.111997 -0.002115
v 0.030138 0.107157 -0.000802
v 0.225312 0.309083 -0.002937
v 0.228216 0.310679 0.000120
v 0.222057 0.309556 0.002718
v 0.230726 0.310813 0.005854
v 0.038397 0.131481 0.008475
v 0.037169 0.132704 0.005005
v 0.034095 0.127504 0.005741
v 0.186958 0.296301 -0.001189
v 0.192585 0.298996 0.002797
v 0.190808 0.297713 -0.002514
v 0.186477 0.295400 0.002109
v 0.016233 -0.011403 -0.004402
v 0.018692 -0.009146 -0.007283
v 0.003892 -0.021044 -0.036013
v 0.009507 -0.018322 -0.032745
v 0.006538 -0.022776 -0.037134
v 0.005002 -0.024496 -0.035091
v 0.003588 -0.025843 -0.032047
v 0.006685 -0.022180 -0.028931
v 0.012953 -0.014962 -0.023970
v 0.014840 -0.012140 0.003068
v 0.012864 -0.010388 0.003233
v 0.013183 -0.004205 -0.001690
v -0.005169 -0.021247 -0.040461
v 0.004673 -0.005220 0.009346
v -0.001989 0.000071 0.018919
v -0.007470 0.010812 0.024255
v 0.005337 0.019314 -0.037954
v 0.001611 0.012996 -0.041322
v 0.000782 0.019816 -0.036847
v -0.000452 0.015176 -0.039326
v -0.002899 0.012449 -0.036706
v -0.002888 0.008926 -0.039464
v -0.002871 0.059555 0.016502
v -0.000400 0.062923 0.019143
v -0.002784 0.055289 0.021909
v 0.033289 0.114278 -0.017257
v 0.028202 0.106044 -0.018193
v 0.026877 0.110871 -0.016327
v 0.033655 0.120022 -0.014970
v 0.038628 0.117197 -0.015397
v 0.023642 0.104004 -0.016722
v 0.020393 0.098929 -0.018126
v 0.021415 0.103030 -0.014173
v 0.023732 0.107609 -0.014050
v 0.048102 0.134423 -0.011336
v 0.045305 0.124856 -0.011974
v 0.042494 0.131438 -0.011475
v 0.040331 0.124606 -0.013155
v 0.037057 0.128397 -0.012054
v 0.040338 0.126023 -0.002397
v 0.043826 0.130541 -0.000291
v 0.043822 0.130734 -0.002123
v 0.037665 0.123805 0.000838
v 0.051729 0.138432 -0.010245
v 0.196581 0.300135 -0.003779
v 0.196876 0.301532 -0.006458
v 0.182343 0.294001 -0.000657
v 0.178231 0.291253 0.002063
v 0.165217 0.284605 -0.007241
v 0.169279 0.285928 -0.005402
v 0.168499 0.286091 -0.008543
v 0.167077 0.284071 -0.001289
v 0.170010 0.286389 0.000072
v 0.170841 0.286512 -0.001173
v 0.101338 0.224556 -0.001576
v 0.099291 0.222324 -0.004182
v 0.102417 0.225236 0.002552
v 0.099410 0.225065 0.004276
v 0.092904 0.215596 0.007221
v 0.002638 -0.016890 -0.035739
v 0.001788 -0.013354 -0.030746
v 0.000673 -0.013592 0.024573
v 0.004274 0.009043 -0.040778
v 0.003969 -0.000633 -0.037279
v -0.002072 -0.005883 -0.038096
v -0.000296 0.012759 0.031335
v -0.005438 0.007780 0.033173
v -0.001892 0.030227 0.011633
v 0.001952 0.036792 -0.032848
v 0.002288 0.035699 -0.025791
v 0.002486 0.033795 -0.017640
v 0.000533 0.038849 -0.009695
v 0.002440 0.043495 -0.002268
v -0.001801 0.037564 -0.005254
v 0.000110 0.039391 0.001022
v -0.000984 0.042487 0.005891
v 0.300793 0.331251 -0.010772
v 0.295721 0.325518 -0.011390
v 0.294998 0.330222 -0.009142
v 0.288977 0.326150 -0.010479
v 0.013707 0.087917 -0.017580
v 0.015613 0.088723 -0.021199
v 0.011217 0.082712 -0.019884
v 0.017814 0.097124 -0.015771
v 0.026980 0.113448 -0.013414
v 0.239624 0.312742 -0.012096
v 0.233807 0.311124 -0.010914
v 0.233335 0.312282 -0.007195
v 0.240773 0.314964 -0.008200
v 0.240343 0.314556 -0.004904
v 0.222097 0.309814 0.000240
v 0.219365 0.306828 -0.000618
v 0.217327 0.306264 -0.003495
v 0.040124 0.141213 -0.008785
v 0.041736 0.141821 -0.011293
v 0.041193 0.138467 -0.010722
v 0.050777 0.150997 0.004577
v 0.054927 0.152954 0.002693
v 0.050232 0.145275 0.002896
v 0.048108 0.146503 0.006954
v 0.054392 0.156335 0.006464
v 0.052995 0.147715 0.007997
v 0.061246 0.166042 -0.006064
v 0.055956 0.161709 -0.006761
v 0.063721 0.166752 -0.004085
v 0.074368 0.189288 -0.005624
v 0.075467 0.184799 -0.001980
v 0.077003 0.190345 -0.004714
v 0.157547 0.280051 -0.007390
v 0.151716 0.276937 -0.007122
v 0.146036 0.271682 -0.006899
v 0.148292 0.269446 -0.004173
v 0.142606 0.267513 -0.005520
v 0.002015 -0.016037 0.021393
v 0.009867 0.002398 -0.031944
v 0.009642 0.014085 -0.036868
v 0.000610 0.024682 0.004060
v -0.001165 0.032440 -0.006847
v -0.000995 0.031363 -0.001742
v -0.008716 0.030227 0.024150
v -0.008115 0.034456 0.025882
v -0.004635 0.045227 0.025465
v 0.004114 0.059143 -0.024095
v 0.256963 0.317318 -0.003183
v 0.251021 0.316052 -0.004366
v 0.247349 0.315035 -0.002124
v 0.254429 0.318018 -0.000190
v 0.244883 0.315524 -0.005963
v 0.246582 0.315966 0.001039
v 0.239385 0.313505 0.004328
v 0.045386 0.135423 -0.010582
v 0.048350 0.138129 -0.009361
v 0.045122 0.135502 -0.002891
v 0.049815 0.139022 -0.000052
v 0.041217 0.131303 -0.002821
v 0.040209 0.132309 -0.003986
v 0.039370 0.127588 -0.006968
v 0.038298 0.127626 -0.004728
v 0.047589 0.140648 -0.009412
v 0.044639 0.137786 -0.009048
v 0.048130 0.141427 -0.007681
v 0.049328 0.141204 -0.003013
v 0.052869 0.143916 0.000123
v 0.047852 0.138859 -0.006644
v 0.040238 0.136671 -0.009212
v 0.040584 0.135442 -0.011009
v 0.041556 0.134714 -0.008766
v 0.035280 0.129406 -0.010033
v 0.038075 0.130296 -0.008722
v 0.226691 0.311700 -0.006831
v 0.220530 0.308513 -0.009016
v 0.219281 0.309409 -0.006462
v 0.226225 0.309674 -0.009538
v 0.221497 0.307183 -0.003906
v 0.199879 0.300640 -0.008446
v 0.190430 0.297393 -0.008250
v 0.196237 0.298015 -0.000327
v 0.168920 0.283770 0.001994
v 0.101502 0.222866 -0.004764
v 0.116836 0.241645 -0.005360
v 0.112662 0.237431 -0.005931
v 0.114366 0.238732 -0.003975
v 0.111707 0.236219 -0.003967
v 0.108549 0.232658 -0.000739
v 0.105073 0.230863 -0.001646
v 0.105814 0.228119 -0.001565
v 0.116320 0.240553 0.001184
v 0.113458 0.238384 -0.000294
v 0.112017 0.236444 0.001643
v 0.108328 0.232739 0.001442
v 0.138892 0.266343 -0.007640
v 0.133155 0.260025 -0.006027
v 0.142846 0.269323 0.002765
v 0.141160 0.265437 0.001933
v 0.137668 0.265242 0.003841
v 0.132842 0.261984 0.004688
v 0.127137 0.256740 -0.007480
v 0.128557 0.255315 -0.005807
v 0.123598 0.250895 -0.006274
v 0.128379 0.255272 -0.001597
v 0.123061 0.250844 -0.001860
v 0.014699 0.006452 -0.026354
v 0.015538 0.006340 -0.023337
v 0.263325 0.319502 -0.002498
v 0.007603 0.079859 0.015390
v 0.028802 0.121063 0.006595
v 0.019700 0.106089 0.008646
v 0.024433 0.110581 0.009808
v 0.047934 0.141273 0.007905
v 0.071645 0.177581 -0.000174
v 0.077042 0.182280 0.002413
v 0.075788 0.181170 -0.000002
v 0.071354 0.178526 0.003548
v 0.188789 0.296555 -0.004843
v 0.182562 0.294796 -0.007032
v 0.184338 0.294248 -0.005406
v 0.137343 0.261894 -0.004262
v 0.142528 0.265553 -0.004032
v 0.133811 0.257879 -0.004344
v 0.144378 0.269003 -0.001060
v 0.138097 0.261864 0.001161
v 0.128024 0.252785 -0.003784
v 0.123689 0.249504 -0.004358
v 0.118176 0.243288 0.002740
v 0.113031 0.242838 0.004852
v 0.113261 0.240569 0.003062
v 0.107614 0.237180 0.004642
v 0.103916 0.231249 0.004922
v 0.128018 0.259654 0.005136
v -0.005019 0.002186 0.034365
v -0.002303 0.035658 0.008507
v -0.005655 0.051262 0.019699
v -0.004793 0.049688 0.023243
v 0.032254 0.114970 0.000783
v 0.026394 0.116242 0.006939
v 0.201671 0.301473 0.005069
v 0.069116 0.177309 -0.007756
v 0.064815 0.173704 -0.007812
v 0.062167 0.173759 -0.005931
v 0.063111 0.171914 -0.004646
v 0.061869 0.170248 -0.006652
v 0.071781 0.186036 -0.007312
v 0.085783 0.196537 -0.000037
v 0.081866 0.197625 -0.003503
v 0.080116 0.195990 -0.004704
v 0.079573 0.192779 -0.002967
v 0.081221 0.190111 -0.000843
v 0.101850 0.227313 -0.007068
v 0.098615 0.223432 -0.008135
v 0.105561 0.229916 -0.005205
v 0.102729 0.227881 -0.003024
v 0.011566 -0.010878 -0.001700
v 0.278650 0.326336 -0.007662
v 0.287476 0.328114 -0.004869
v 0.289857 0.329137 -0.008091
v 0.278162 0.325641 -0.005026
v 0.280433 0.325669 -0.001077
v 0.284228 0.324919 0.000069
v 0.257850 0.318887 0.002993
v 0.032514 0.124281 -0.012430
v 0.029167 0.118455 -0.013844
v 0.071567 0.179709 -0.004619
v 0.067658 0.175036 0.003950
v 0.066440 0.174519 0.006195
v 0.071184 0.181879 0.005876
v 0.013002 -0.013872 -0.013492
v 0.013351 -0.015338 -0.003496
v 0.006167 -0.013731 0.017924
v 0.006988 -0.016248 0.016665
v 0.009350 0.006662 -0.035232
v -0.003548 0.021499 0.031808
v 0.292133 0.329371 -0.003128
v 0.293461 0.327587 -0.000338
v 0.288683 0.327429 -0.000859
v 0.282025 0.325642 -0.010178
v 0.025430 0.099252 -0.020209
v 0.030120 0.103644 -0.019180
v 0.029923 0.097614 -0.020695
v 0.027712 0.104010 -0.005766
v 0.019523 0.093372 -0.021360
v 0.022040 0.092342 -0.022466
v 0.080661 0.187385 0.000561
v 0.082502 0.191054 0.002061
v 0.184531 0.293342 -0.003186
v 0.180874 0.288845 -0.003267
v 0.178224 0.288841 -0.004674
v 0.179461 0.289521 -0.001684
v 0.177087 0.291042 -0.001266
v 0.173931 0.286606 -0.004731
v 0.175404 0.284645 -0.000715
v 0.173403 0.285980 -0.001393
v 0.170839 0.287067 0.003711
v 0.275374 0.324909 -0.009311
v 0.271939 0.321173 -0.012440
v 0.269843 0.321505 -0.011471
v 0.003125 0.067457 0.018997
v 0.018875 0.087294 -0.023576
v 0.021788 0.084170 -0.024266
v 0.267230 0.320566 -0.004746
v 0.268581 0.322098 -0.002128
v 0.265628 0.321502 -0.000102
v 0.248143 0.315635 -0.010514
v 0.031959 0.122835 -0.010415
v 0.035971 0.124727 -0.008489
v 0.061498 0.164185 -0.007802
v 0.059074 0.166315 -0.007735
v 0.067361 0.173841 -0.004115
v 0.056720 0.165858 -0.006601
v 0.057770 0.160355 -0.007804
v 0.079152 0.198332 -0.006117
v 0.074019 0.191750 -0.007448
v 0.076039 0.193902 -0.005504
v -0.001128 0.035425 -0.001121
v -0.000645 0.032768 0.002653
v 0.273972 0.323744 0.000162
v 0.271426 0.323120 -0.005047
v 0.007817 0.073819 0.018464
v 0.034559 0.120021 -0.006052
v 0.032959 0.120525 -0.009632
v 0.032443 0.117059 -0.010052
v 0.035096 0.123646 -0.005465
v 0.029167 0.117649 -0.011473
v 0.042448 0.135381 0.009295
v 0.178325 0.285396 -0.001021
v 0.176483 0.283908 -0.002674
v 0.175393 0.290803 0.004135
v 0.183696 0.294668 0.004709
v 0.174709 0.288816 0.000962
v 0.148747 0.272469 0.000805
v 0.147014 0.272844 0.004106
v -0.001906 -0.020414 -0.039731
v -0.001701 0.040566 -0.007367
v 0.278919 0.322883 -0.010519
v 0.034826 0.108067 -0.018424
v 0.036286 0.120991 -0.002719
v 0.200131 0.302577 0.002393
v 0.175071 0.290596 -0.007080
v 0.107211 0.229232 0.000948
v 0.008052 -0.016818 0.013481
v 0.004091 -0.014909 0.017448
v 0.045555 0.135920 -0.008219
v 0.044328 0.134805 -0.006425
v 0.150624 0.273708 -0.000998
v 0.147889 0.270088 -0.001924
v 0.015872 -0.011828 -0.017203
v 0.017624 -0.014249 -0.022558
v 0.020325 -0.011253 -0.021063
v 0.016545 -0.009968 -0.014938
v 0.000515 -0.021506 -0.038195
v 0.011313 -0.021654 -0.025166
v 0.015124 -0.017213 -0.016491
v 0.220590 0.307277 0.005629
v 0.081290 0.200683 -0.007408
v 0.121188 0.245554 -0.004173
v 0.116841 0.244740 -0.006434
v 0.117899 0.245218 -0.002293
v 0.109315 0.237566 -0.007113
v 0.113861 0.240951 -0.002475
v 0.117030 0.243255 -0.000187
v 0.109102 0.234909 -0.004655
v 0.109177 0.236300 -0.002244
v 0.105514 0.232751 -0.008056
v 0.116200 0.244735 -0.008400
v 0.005629 -0.016636 0.021280
v 0.007491 -0.022650 -0.040849
vt 0.983110 0.065661
vt 0.981206 0.073108
vt 0.984136 0.069849
vt 0.616312 0.109402
vt 0.619438 0.109699
vt 0.617043 0.113326
vt 0.984001 0.279821
vt 0.987317 0.278112
vt 0.992502 0.284599
vt 0.982991 0.274891
vt 0.980146 0.270763
vt 0.985071 0.272021
vt 0.984226 0.095477
vt 0.988199 0.099736
vt 0.985140 0.092921
vt 0.984064 0.266632
vt 0.050503 0.066316
vt 0.054802 0.067470
vt 0.052089 0.060646
vt 0.620032 0.125543
vt 0.618926 0.122035
vt 0.622893 0.123632
vt 0.628934 0.127004
vt 0.067899 0.057867
vt 0.058164 0.061417
vt 0.063579 0.064716
vt 0.973225 0.247813
vt 0.976921 0.253125
vt 0.970939 0.260062
vt 0.097305 0.063829
vt 0.102710 0.065391
vt 0.099563 0.058828
vt 0.095753 0.056062
vt 0.487093 0.433551
vt 0.494318 0.435107
vt 0.486733 0.436595
vt 0.057232 0.042350
vt 0.052703 0.046373
vt 0.057800 0.049490
vt 0.061361 0.045962
vt 0.072309 0.044627
vt 0.078346 0.053657
vt 0.078853 0.042059
vt 0.083446 0.045549
vt 0.040071 0.042305
vt 0.048003 0.036660
vt 0.039218 0.034231
vt 0.052786 0.032716
vt 0.053105 0.040687
vt 0.056063 0.036997
vt 0.060382 0.036029
vt 0.176918 0.804633
vt 0.173762 0.809455
vt 0.174411 0.805242
vt 0.176413 0.811228
vt 0.471142 0.433386
vt 0.475805 0.432777
vt 0.474228 0.437096
vt 0.466923 0.434120
vt 0.467878 0.437675
vt 0.465035 0.436152
vt 0.467057 0.631141
vt 0.463360 0.626754
vt 0.457737 0.630253
vt 0.642497 0.129410
vt 0.638073 0.126673
vt 0.636787 0.129901
vt 0.641841 0.134901
vt 0.644249 0.133320
vt 0.641048 0.121705
vt 0.649677 0.126599
vt 0.449703 0.436143
vt 0.454085 0.439087
vt 0.447483 0.438778
vt 0.457233 0.436043
vt 0.656925 0.128110
vt 0.650409 0.131811
vt 0.082672 0.019449
vt 0.078247 0.021927
vt 0.080912 0.029744
vt 0.085715 0.021597
vt 0.085257 0.028137
vt 0.479417 0.632202
vt 0.474851 0.635076
vt 0.481500 0.635756
vt 0.475412 0.636922
vt 0.487723 0.634141
vt 0.482020 0.628457
vt 0.770314 0.427051
vt 0.768981 0.420789
vt 0.771374 0.421739
vt 0.885656 0.848257
vt 0.890359 0.843023
vt 0.895539 0.849421
vt 0.067277 0.005022
vt 0.061593 0.012956
vt 0.066264 0.014514
vt 0.077351 0.012825
vt 0.072493 0.008476
vt 0.766187 0.431874
vt 0.766905 0.441138
vt 0.763621 0.437059
vt 0.773440 0.439896
vt 0.771609 0.435331
vt 0.773245 0.429856
vt 0.769256 0.432474
vt 0.768293 0.427598
vt 0.895051 0.831505
vt 0.896416 0.842559
vt 0.890977 0.835821
vt 0.890952 0.826825
vt 0.764229 0.443914
vt 0.767141 0.453625
vt 0.771147 0.446339
vt 0.773843 0.451183
vt 0.768947 0.440271
vt 0.892502 0.819224
vt 0.771993 0.454299
vt 0.887254 0.820105
vt 0.883898 0.832616
vt 0.884089 0.839673
vt 0.508167 0.633451
vt 0.504116 0.630659
vt 0.503695 0.635215
vt 0.497248 0.635278
vt 0.500474 0.637829
vt 0.757198 0.447509
vt 0.753703 0.444920
vt 0.757558 0.441519
vt 0.763018 0.449992
vt 0.761153 0.454971
vt 0.766033 0.465942
vt 0.766880 0.460586
vt 0.769510 0.465060
vt 0.770626 0.469546
vt 0.771435 0.463516
vt 0.769816 0.459265
vt 0.772891 0.469776
vt 0.890089 0.801246
vt 0.889886 0.811588
vt 0.884154 0.802314
vt 0.878601 0.811508
vt 0.877652 0.822876
vt 0.460543 0.262394
vt 0.460568 0.252956
vt 0.457012 0.261058
vt 0.463534 0.256739
vt 0.763568 0.477318
vt 0.766704 0.473687
vt 0.767685 0.485630
vt 0.769399 0.479874
vt 0.770347 0.484237
vt 0.876986 0.803604
vt 0.878412 0.792558
vt 0.875333 0.811928
vt 0.745782 0.151034
vt 0.739892 0.149406
vt 0.739207 0.152502
vt 0.745916 0.148553
vt 0.890647 0.731906
vt 0.891586 0.739009
vt 0.888197 0.737748
vt 0.887920 0.731939
vt 0.889211 0.741903
vt 0.887046 0.718811
vt 0.884936 0.724757
vt 0.884579 0.718294
vt 0.887627 0.725039
vt 0.886032 0.728796
vt 0.885803 0.734452
vt 0.883741 0.733256
vt 0.881104 0.729648
vt 0.882253 0.754328
vt 0.879272 0.757948
vt 0.878584 0.752803
vt 0.421842 0.314485
vt 0.425565 0.310726
vt 0.420495 0.312721
vt 0.743180 0.143444
vt 0.736336 0.143477
vt 0.739846 0.144791
vt 0.739882 0.140772
vt 0.744562 0.145621
vt 0.740070 0.147206
vt 0.750261 0.150628
vt 0.749965 0.148055
vt 0.882096 0.723152
vt 0.880096 0.726179
vt 0.404668 0.337948
vt 0.407937 0.335766
vt 0.405700 0.333386
vt 0.401157 0.338311
vt 0.878055 0.729687
vt 0.879985 0.734370
vt 0.893080 0.716757
vt 0.891518 0.716575
vt 0.891034 0.710989
vt 0.884121 0.685119
vt 0.882685 0.677188
vt 0.886779 0.682466
vt 0.880881 0.680468
vt 0.882130 0.685526
vt 0.464598 0.643673
vt 0.462204 0.642654
vt 0.464598 0.638401
vt 0.779801 0.604130
vt 0.777535 0.606371
vt 0.779801 0.609402
vt 0.781906 0.608567
vt 0.886865 0.687650
vt 0.887680 0.691627
vt 0.885049 0.691113
vt 0.505852 0.006819
vt 0.511431 0.008214
vt 0.512327 0.004948
vt 0.889095 0.674794
vt 0.891487 0.680096
vt 0.888986 0.680252
vt 0.245632 0.148282
vt 0.243055 0.150281
vt 0.248283 0.152728
vt 0.250907 0.149155
vt 0.889995 0.684311
vt 0.255632 0.152482
vt 0.892209 0.688402
vt 0.889666 0.687787
vt 0.655781 0.093585
vt 0.647434 0.093979
vt 0.649182 0.096564
vt 0.644686 0.097100
vt 0.453246 0.005997
vt 0.449481 0.004407
vt 0.448637 0.007132
vt 0.974375 0.239731
vt 0.980180 0.241186
vt 0.982959 0.248691
vt 0.982413 0.233375
vt 0.984218 0.241271
vt 0.086413 0.065212
vt 0.079459 0.066924
vt 0.086209 0.069699
vt 0.200036 0.589760
vt 0.204901 0.590942
vt 0.206539 0.593953
vt 0.208479 0.590592
vt 0.924122 0.803328
vt 0.923923 0.797936
vt 0.927885 0.799881
vt 0.208319 0.595475
vt 0.616953 0.118137
vt 0.614590 0.113889
vt 0.090164 0.059339
vt 0.092310 0.067230
vt 0.006673 0.877301
vt 0.012182 0.877416
vt 0.011802 0.874487
vt 0.992570 0.218366
vt 0.992315 0.224711
vt 0.987351 0.219794
vt 0.005347 0.873902
vt 0.174862 0.833480
vt 0.171525 0.829366
vt 0.174406 0.827734
vt 0.097683 0.067203
vt 0.001311 0.875289
vt 0.003947 0.876316
vt 0.178759 0.831931
vt 0.098280 0.052524
vt 0.480730 0.435243
vt 0.480607 0.437371
vt 0.455948 0.627207
vt 0.088949 0.038813
vt 0.084740 0.033943
vt 0.092685 0.040325
vt 0.091682 0.034453
vt 0.460825 0.434552
vt 0.647838 0.136855
vt 0.461786 0.438011
vt 0.459016 0.439807
vt 0.760645 0.426621
vt 0.756065 0.422940
vt 0.762434 0.417765
vt 0.765141 0.422914
vt 0.762583 0.431013
vt 0.766773 0.415807
vt 0.769034 0.414288
vt 0.771740 0.416241
vt 0.774424 0.423688
vt 0.769541 0.450264
vt 0.761801 0.461115
vt 0.773256 0.461006
vt 0.774843 0.467362
vt 0.892197 0.808306
vt 0.718122 0.145377
vt 0.723251 0.146706
vt 0.722891 0.143817
vt 0.717690 0.140965
vt 0.934038 0.412878
vt 0.936165 0.408416
vt 0.938770 0.413099
vt 0.936202 0.417771
vt 0.939636 0.406890
vt 0.937759 0.403638
vt 0.992596 0.871477
vt 0.990148 0.867741
vt 0.992473 0.868661
vt 0.989914 0.854208
vt 0.990501 0.862687
vt 0.988199 0.863592
vt 0.891676 0.747685
vt 0.889024 0.745750
vt 0.885531 0.741573
vt 0.992844 0.863570
vt 0.939156 0.421185
vt 0.940618 0.418674
vt 0.797612 0.994847
vt 0.803870 0.993483
vt 0.799373 0.996468
vt 0.805956 0.996896
vt 0.807057 0.994686
vt 0.993299 0.857308
vt 0.738135 0.154620
vt 0.743890 0.155370
vt 0.746874 0.153844
vt 0.454838 0.875053
vt 0.451420 0.874152
vt 0.452592 0.876943
vt 0.518477 0.007695
vt 0.515607 0.003799
vt 0.524038 0.006062
vt 0.877710 0.702126
vt 0.881144 0.696740
vt 0.880288 0.701643
vt 0.877755 0.692888
vt 0.385379 0.357556
vt 0.391209 0.355317
vt 0.389216 0.351910
vt 0.882376 0.671846
vt 0.884097 0.671992
vt 0.885384 0.677549
vt 0.881731 0.667686
vt 0.880071 0.672816
vt 0.497569 0.007157
vt 0.501846 0.004521
vt 0.887182 0.677547
vt 0.246941 0.529438
vt 0.249563 0.529438
vt 0.248271 0.532953
vt 0.890185 0.691042
vt 0.373320 0.373312
vt 0.378282 0.370117
vt 0.378926 0.365799
vt 0.791900 0.163049
vt 0.785797 0.160172
vt 0.786125 0.162694
vt 0.789389 0.158634
vt 0.792341 0.160602
vt 0.436650 0.873684
vt 0.440973 0.873177
vt 0.435643 0.871988
vt 0.796148 0.163810
vt 0.786507 0.153106
vt 0.786378 0.155987
vt 0.792757 0.157332
vt 0.795023 0.154332
vt 0.798377 0.156661
vt 0.463075 0.003578
vt 0.458598 0.005782
vt 0.464206 0.006205
vt 0.455777 0.003575
vt 0.371066 0.702909
vt 0.368338 0.700984
vt 0.370981 0.696822
vt 0.985572 0.287448
vt 0.987996 0.285515
vt 0.988348 0.289693
vt 0.983170 0.284488
vt 0.975051 0.280250
vt 0.978755 0.275094
vt 0.979106 0.281243
vt 0.038482 0.063492
vt 0.040991 0.071281
vt 0.044728 0.066980
vt 0.969843 0.271369
vt 0.976593 0.266704
vt 0.970873 0.266096
vt 0.201087 0.587310
vt 0.204447 0.585677
vt 0.048059 0.051415
vt 0.054105 0.054426
vt 0.045657 0.059010
vt 0.615249 0.122106
vt 0.614715 0.123980
vt 0.061328 0.056937
vt 0.065912 0.051137
vt 0.430390 0.631862
vt 0.430773 0.628961
vt 0.426961 0.632080
vt 0.430595 0.634189
vt 0.617814 0.141002
vt 0.618502 0.130873
vt 0.624763 0.132489
vt 0.036879 0.053925
vt 0.042638 0.049672
vt 0.617827 0.150458
vt 0.623039 0.148434
vt 0.450504 0.630532
vt 0.453708 0.632629
vt 0.029602 0.034774
vt 0.033087 0.036127
vt 0.032011 0.030335
vt 0.027535 0.038018
vt 0.030295 0.042372
vt 0.470212 0.628207
vt 0.468509 0.635121
vt 0.033125 0.020332
vt 0.036527 0.021601
vt 0.040833 0.015274
vt 0.042851 0.021082
vt 0.048284 0.015344
vt 0.048364 0.023318
vt 0.493205 0.630524
vt 0.757401 0.433499
vt 0.489333 0.638401
vt 0.752317 0.433901
vt 0.877966 0.836658
vt 0.876325 0.845506
vt 0.874563 0.839655
vt 0.694900 0.144238
vt 0.685925 0.142993
vt 0.694518 0.146965
vt 0.690586 0.141201
vt 0.699894 0.144039
vt 0.772301 0.478194
vt 0.773635 0.484080
vt 0.775000 0.478672
vt 0.888364 0.788646
vt 0.727822 0.146677
vt 0.725571 0.142990
vt 0.731465 0.141802
vt 0.724634 0.137174
vt 0.427142 0.303677
vt 0.429672 0.306124
vt 0.432700 0.301335
vt 0.762451 0.152629
vt 0.757650 0.147734
vt 0.758527 0.153126
vt 0.763870 0.149754
vt 0.050262 0.532262
vt 0.053668 0.538175
vt 0.055082 0.534656
vt 0.917445 0.805431
vt 0.917548 0.812156
vt 0.914773 0.806139
vt 0.921518 0.812423
vt 0.121747 0.996472
vt 0.124459 0.997803
vt 0.124563 0.994544
vt 0.365822 0.696397
vt 0.121066 0.991478
vt 0.124459 0.990773
vt 0.028414 0.076671
vt 0.029994 0.079280
vt 0.034471 0.076868
vt 0.921125 0.821151
vt 0.982127 0.080596
vt 0.984460 0.080435
vt 0.983514 0.264387
vt 0.979027 0.257323
vt 0.984319 0.252298
vt 0.926942 0.820538
vt 0.927012 0.813500
vt 0.506984 0.674429
vt 0.507132 0.671419
vt 0.502548 0.671313
vt 0.073261 0.062340
vt 0.083597 0.057140
vt 0.089232 0.047583
vt 0.446816 0.626098
vt 0.439758 0.626859
vt 0.445952 0.630100
vt 0.441271 0.629311
vt 0.439050 0.632635
vt 0.435951 0.630749
vt 0.446253 0.632997
vt 0.621899 0.157733
vt 0.034066 0.043822
vt 0.074213 0.000439
vt 0.078082 0.005360
vt 0.464933 0.239757
vt 0.469305 0.238215
vt 0.467083 0.232308
vt 0.933742 0.365327
vt 0.934480 0.351078
vt 0.939422 0.356450
vt 0.937242 0.372831
vt 0.930281 0.373617
vt 0.939747 0.344979
vt 0.757256 0.473579
vt 0.755801 0.467946
vt 0.759890 0.471531
vt 0.760267 0.476232
vt 0.932517 0.400178
vt 0.929103 0.388556
vt 0.935918 0.393050
vt 0.933584 0.383782
vt 0.939228 0.385498
vt 0.773304 0.497558
vt 0.775556 0.502095
vt 0.774071 0.502162
vt 0.775787 0.494414
vt 0.931973 0.406169
vt 0.752796 0.153530
vt 0.751674 0.155913
vt 0.767034 0.153074
vt 0.771932 0.151729
vt 0.781583 0.164311
vt 0.778684 0.161670
vt 0.778320 0.164465
vt 0.453748 0.870738
vt 0.449876 0.868728
vt 0.446685 0.871390
vt 0.781840 0.159897
vt 0.782767 0.157811
vt 0.779855 0.155648
vt 0.778899 0.156588
vt 0.884479 0.667856
vt 0.887082 0.670258
vt 0.491541 0.005841
vt 0.493451 0.003381
vt 0.504375 0.001345
vt 0.510138 0.001318
vt 0.924990 0.820152
vt 0.925381 0.809439
vt 0.920995 0.806066
vt 0.623717 0.112489
vt 0.623481 0.120325
vt 0.989260 0.229213
vt 0.194088 0.595021
vt 0.185973 0.593275
vt 0.194592 0.589418
vt 0.201483 0.593199
vt 0.424318 0.631396
vt 0.423435 0.633869
vt 0.419143 0.635763
vt 0.422738 0.635726
vt 0.093908 0.049043
vt 0.170210 0.807387
vt 0.174595 0.813356
vt 0.177244 0.817707
vt 0.074424 0.031108
vt 0.460867 0.632717
vt 0.030268 0.027620
vt 0.037166 0.028136
vt 0.045076 0.029149
vt 0.052713 0.024262
vt 0.052516 0.016401
vt 0.060252 0.018661
vt 0.057573 0.025309
vt 0.063582 0.022855
vt 0.068400 0.020166
vt 0.652121 0.137560
vt 0.035135 0.013775
vt 0.986122 0.429595
vt 0.988387 0.436651
vt 0.984009 0.434895
vt 0.985393 0.441862
vt 0.756487 0.455800
vt 0.511951 0.637421
vt 0.512675 0.633228
vt 0.505901 0.636994
vt 0.754211 0.450312
vt 0.758244 0.465141
vt 0.761177 0.482347
vt 0.758185 0.480404
vt 0.527789 0.232815
vt 0.521861 0.234301
vt 0.522114 0.238259
vt 0.529875 0.237053
vt 0.711790 0.148271
vt 0.712948 0.145194
vt 0.730889 0.143984
vt 0.734012 0.146031
vt 0.735162 0.149105
vt 0.815800 0.996420
vt 0.810552 0.994391
vt 0.814491 0.993410
vt 0.817468 0.993886
vt 0.811479 0.996924
vt 0.995192 0.872282
vt 0.880335 0.743495
vt 0.882901 0.740001
vt 0.882657 0.747887
vt 0.416624 0.322946
vt 0.417746 0.317736
vt 0.411625 0.326674
vt 0.277660 0.473137
vt 0.267344 0.477342
vt 0.271910 0.479030
vt 0.991852 0.841388
vt 0.993461 0.848005
vt 0.989472 0.846121
vt 0.892077 0.727696
vt 0.890021 0.725941
vt 0.891476 0.705421
vt 0.887747 0.708035
vt 0.889993 0.703551
vt 0.881954 0.691756
vt 0.441540 0.868629
vt 0.435379 0.868665
vt 0.428183 0.869916
vt 0.428782 0.873847
vt 0.423347 0.872132
vt 0.992178 0.231603
vt 0.085413 0.071699
vt 0.089046 0.071858
vt 0.982172 0.293058
vt 0.976684 0.287127
vt 0.987621 0.292297
vt 0.992570 0.292924
vt 0.177010 0.592597
vt 0.179769 0.587913
vt 0.183666 0.596221
vt 0.614659 0.142178
vt 0.067033 0.036167
vt 0.056369 0.029718
vt 0.061209 0.030431
vt 0.087745 0.031000
vt 0.088944 0.027131
vt 0.452778 0.434030
vt 0.442567 0.436348
vt 0.446328 0.432777
vt 0.482167 0.637959
vt 0.037913 0.000439
vt 0.036716 0.007339
vt 0.042052 0.010817
vt 0.698023 0.140063
vt 0.703307 0.142543
vt 0.707277 0.141157
vt 0.700648 0.137407
vt 0.708497 0.145330
vt 0.708423 0.138096
vt 0.716205 0.136681
vt 0.935424 0.399403
vt 0.934618 0.403904
vt 0.888982 0.757448
vt 0.886317 0.761828
vt 0.886068 0.752496
vt 0.772595 0.505712
vt 0.772399 0.501361
vt 0.771312 0.501526
vt 0.768619 0.498496
vt 0.770599 0.497852
vt 0.884996 0.770484
vt 0.879031 0.764089
vt 0.820441 0.228267
vt 0.815122 0.229049
vt 0.817836 0.230670
vt 0.821911 0.231115
vt 0.988577 0.869456
vt 0.988606 0.867889
vt 0.990119 0.872842
vt 0.888924 0.751236
vt 0.885901 0.747555
vt 0.893093 0.751615
vt 0.892143 0.753676
vt 0.824018 0.228032
vt 0.993229 0.875586
vt 0.826486 0.229049
vt 0.826224 0.231547
vt 0.991472 0.876538
vt 0.942745 0.385940
vt 0.939904 0.396088
vt 0.765668 0.504853
vt 0.766415 0.499748
vt 0.767136 0.504091
vt 0.515851 0.239409
vt 0.508817 0.237346
vt 0.508246 0.240243
vt 0.514436 0.236280
vt 0.731460 0.148403
vt 0.724939 0.150300
vt 0.731680 0.151757
vt 0.484671 0.242091
vt 0.486738 0.239252
vt 0.476846 0.240405
vt 0.754284 0.150274
vt 0.212850 0.041740
vt 0.214598 0.038949
vt 0.212850 0.036467
vt 0.782512 0.154617
vt 0.234281 0.142750
vt 0.231241 0.139858
vt 0.232022 0.143505
vt 0.491951 0.007869
vt 0.563880 0.988061
vt 0.569712 0.987916
vt 0.567524 0.989731
vt 0.571101 0.989895
vt 0.482464 0.008975
vt 0.485491 0.011180
vt 0.487357 0.009970
vt 0.472124 0.006817
vt 0.475321 0.008352
vt 0.477604 0.006566
vt 0.482621 0.006724
vt 0.419778 0.869941
vt 0.412019 0.872766
vt 0.434004 0.004943
vt 0.437966 0.006571
vt 0.440649 0.003795
vt 0.446418 0.002572
vt 0.405593 0.871455
vt 0.405902 0.873919
vt 0.399636 0.874242
vt 0.454240 0.008144
vt 0.460692 0.008994
vt 0.639423 0.096590
vt 0.643618 0.093906
vt 0.031951 0.069305
vt 0.970853 0.281515
vt 0.970422 0.278615
vt 0.691884 0.137994
vt 0.457198 0.255759
vt 0.877494 0.778138
vt 0.878627 0.769825
vt 0.446329 0.285322
vt 0.446330 0.281030
vt 0.441378 0.284837
vt 0.719240 0.148829
vt 0.938739 0.400368
vt 0.940137 0.403069
vt 0.819394 0.995583
vt 0.820274 0.993483
vt 0.828234 0.995280
vt 0.764563 0.497962
vt 0.263932 0.480750
vt 0.261573 0.478096
vt 0.885886 0.714775
vt 0.883707 0.708961
vt 0.885556 0.710216
vt 0.882525 0.714458
vt 0.760256 0.155686
vt 0.758096 0.158396
vt 0.765107 0.159046
vt 0.764413 0.157198
vt 0.416317 0.874453
vt 0.422272 0.874274
vt 0.815467 0.166276
vt 0.810511 0.167571
vt 0.816237 0.169132
vt 0.411357 0.875366
vt 0.663899 0.093979
vt 0.659364 0.096973
vt 0.807958 0.163744
vt 0.654890 0.096493
vt 0.809692 0.160254
vt 0.813132 0.162328
vt 0.823420 0.168003
vt 0.442691 0.007414
vt 0.404173 0.876640
vt 0.450556 0.007404
vt 0.448518 0.010456
vt 0.443570 0.009554
vt 0.455781 0.010804
vt 0.399038 0.876545
vt 0.460839 0.011663
vt 0.469209 0.005458
vt 0.472774 0.002203
vt 0.474105 0.004399
vt 0.480044 0.002479
vt 0.486465 0.002828
vt 0.451558 0.001318
vt 0.173726 0.818385
vt 0.177840 0.824042
vt 0.093158 0.044485
vt 0.071318 0.026368
vt 0.081856 0.012849
vt 0.085347 0.013670
vt 0.438374 0.434866
vt 0.471591 0.229968
vt 0.885523 0.780889
vt 0.877548 0.783527
vt 0.440216 0.290849
vt 0.750513 0.143327
vt 0.295330 0.157712
vt 0.293661 0.161645
vt 0.301250 0.160830
vt 0.303713 0.157255
vt 0.892070 0.722569
vt 0.893660 0.721747
vt 0.307827 0.159803
vt 0.893335 0.724556
vt 0.282905 0.157649
vt 0.892933 0.708850
vt 0.884669 0.695296
vt 0.888825 0.696317
vt 0.889945 0.698255
vt 0.888429 0.700756
vt 0.885846 0.701860
vt 0.880707 0.706749
vt 0.889145 0.665216
vt 0.890578 0.669492
vt 0.232651 0.147693
vt 0.239071 0.146535
vt 0.223709 0.142633
vt 0.227669 0.145838
vt 0.227443 0.140699
vt 0.886440 0.668378
vt 0.406906 0.182337
vt 0.411939 0.180580
vt 0.413899 0.182337
vt 0.883904 0.661248
vt 0.061802 0.068084
vt 0.674527 0.139430
vt 0.666532 0.134592
vt 0.663271 0.137342
vt 0.675834 0.136918
vt 0.674695 0.132442
vt 0.671797 0.130045
vt 0.698096 0.133542
vt 0.941772 0.377505
vt 0.941961 0.367894
vt 0.760724 0.487316
vt 0.889761 0.713372
vt 0.881508 0.718625
vt 0.879638 0.719520
vt 0.399064 0.342881
vt 0.879979 0.712436
vt 0.461976 0.638769
vt 0.879385 0.689407
vt 0.223802 0.138782
vt 0.050765 0.070897
vt 0.060071 0.071932
vt 0.981627 0.088117
vt 0.987202 0.064587
vt 0.601216 0.010105
vt 0.602121 0.007469
vt 0.605332 0.008497
vt 0.186326 0.585677
vt 0.177365 0.798330
vt 0.178759 0.801786
vt 0.174389 0.800407
vt 0.894668 0.855448
vt 0.657990 0.137218
vt 0.664410 0.141157
vt 0.662211 0.131859
vt 0.662289 0.128405
vt 0.666525 0.130232
vt 0.671112 0.141682
vt 0.469275 0.227153
vt 0.932754 0.339333
vt 0.930475 0.349484
vt 0.926238 0.341247
vt 0.770219 0.474970
vt 0.935721 0.325951
vt 0.931416 0.326561
vt 0.939975 0.335143
vt 0.752185 0.463156
vt 0.752788 0.457399
vt 0.500413 0.239282
vt 0.884673 0.703990
vt 0.883392 0.700765
vt 0.765322 0.155353
vt 0.770080 0.156968
vt 0.464388 0.874242
vt 0.469843 0.870710
vt 0.462278 0.872423
vt 0.770980 0.155434
vt 0.246941 0.045372
vt 0.246740 0.051406
vt 0.244527 0.046362
vt 0.457761 0.872317
vt 0.243019 0.040686
vt 0.244861 0.039624
vt 0.244850 0.035589
vt 0.242267 0.037242
vt 0.779863 0.152058
vt 0.990305 0.287500
vt 0.992070 0.289633
vt 0.927885 0.810566
vt 0.622563 0.122030
vt 0.511801 0.670914
vt 0.614073 0.118745
vt 0.973522 0.290820
vt 0.626627 0.137129
vt 0.565501 0.233636
vt 0.560719 0.229958
vt 0.559024 0.231328
vt 0.465332 0.248426
vt 0.468982 0.244593
vt 0.461467 0.243903
vt 0.512061 0.629270
vt 0.510046 0.626098
vt 0.687661 0.139246
vt 0.686392 0.136203
vt 0.689661 0.134815
vt 0.704641 0.149089
vt 0.762363 0.493100
vt 0.764124 0.491725
vt 0.766970 0.494888
vt 0.940265 0.432209
vt 0.939173 0.430477
vt 0.941476 0.430377
vt 0.890042 0.719332
vt 0.995192 0.844366
vt 0.939251 0.425873
vt 0.941145 0.425661
vt 0.789773 0.996540
vt 0.753934 0.734183
vt 0.755682 0.731962
vt 0.753934 0.729789
vt 0.942745 0.428634
vt 0.891778 0.697111
vt 0.893347 0.703878
vt 0.891691 0.701529
vt 0.018794 0.875289
vt 0.420013 0.633266
vt 0.061637 0.026819
vt 0.065483 0.028966
vt 0.681480 0.132700
vt 0.682840 0.138521
vt 0.456892 0.249775
vt 0.769276 0.490666
vt 0.765687 0.490311
vt 0.765732 0.487329
vt 0.769583 0.493687
vt 0.762853 0.486673
vt 0.255910 0.481318
vt 0.422954 0.306936
vt 0.410418 0.330482
vt 0.493828 0.240497
vt 0.242853 0.047641
vt 0.241993 0.043140
vt 0.458404 0.876167
vt 0.460872 0.877416
vt 0.240822 0.040604
vt 0.774688 0.150327
vt 0.766863 0.147963
vt 0.775465 0.153653
vt 0.803120 0.160886
vt 0.804914 0.157851
vt 0.986649 0.077162
vt 0.988199 0.069507
vt 0.919546 0.799684
vt 0.919818 0.796573
vt 0.501566 0.674082
vt 0.100525 0.067053
vt 0.055490 0.022930
vt 0.571827 0.232363
vt 0.567932 0.230761
vt 0.677659 0.141861
vt 0.877154 0.830204
vt 0.453710 0.269396
vt 0.928131 0.359007
vt 0.772422 0.492206
vt 0.888699 0.773394
vt 0.889308 0.782555
vt 0.536741 0.234245
vt 0.750620 0.145960
vt 0.772136 0.161180
vt 0.460682 0.868725
vt 0.485894 0.007588
vt 0.076851 0.072675
vt 0.079913 0.072574
vt 0.081398 0.070502
vt 0.991280 0.232447
vt 0.990505 0.236751
vt 0.988188 0.237124
vt 0.599213 0.008497
vt 0.614911 0.131851
vt 0.683381 0.145730
vt 0.936108 0.405451
vt 0.894446 0.754025
vt 0.894564 0.752173
vt 0.712627 0.423111
vt 0.714598 0.424868
vt 0.710227 0.424868
vt 0.937530 0.401395
vt 0.894908 0.756504
vt 0.894963 0.757899
vt 0.893551 0.756983
vt 0.893260 0.759992
vt 0.894605 0.760803
vt 0.891977 0.758132
vt 0.769676 0.505160
vt 0.394235 0.349418
vt 0.800578 0.162069
vt 0.797125 0.165326
vt 0.804139 0.166312
vt 0.804520 0.164132
vt 0.336606 0.098011
vt 0.335776 0.104354
vt 0.340622 0.105747
vt 0.331844 0.101992
vt 0.335181 0.095103
vt 0.918015 0.801729
vt 0.039616 0.077095
vt 0.048383 0.074175
vt 0.926492 0.826682
vt 0.923866 0.828428
vt 0.915668 0.800630
vt 0.628934 0.115115
vt 0.925431 0.830844
vt 0.339138 0.097769
vt 0.337149 0.091739
vt 0.768710 0.408172
vt 0.774597 0.412362
vt 0.775556 0.418277
vt 0.058161 0.014840
vt 0.938202 0.315905
vt 0.931580 0.316358
vt 0.875669 0.796472
vt 0.734016 0.139278
vt 0.468696 0.868665
vt 0.772121 0.154939
vt 0.246740 0.038056
vt 0.258918 0.149647
vt 0.262836 0.153427
vt 0.266585 0.152739
vt 0.552885 0.985501
vt 0.558095 0.988975
vt 0.553662 0.987919
vt 0.561832 0.985644
vt 0.465126 0.012361
vt 0.467753 0.010150
vt 0.470554 0.013620
vt 0.572042 0.985501
vt 0.473233 0.010627
vt 0.474242 0.012777
vt 0.469769 0.008240
vt 0.573864 0.988887
vt 0.214806 0.143619
vt 0.217506 0.141154
vt 0.479356 0.010812
vt 0.477624 0.012907
vt 0.480352 0.013180
vt 0.216714 0.138401
vt 0.220919 0.145479
vt 0.204005 0.141499
vt 0.194190 0.140307
vt 0.204262 0.143683
vn 0.4522 0.6498 0.6110
vn 0.3349 0.8279 0.4499
vn 0.6639 0.5917 0.4574
vn -0.8782 -0.3862 0.2822
vn -0.4860 -0.5209 0.7018
vn -0.6091 -0.2710 0.7453
vn 0.8431 -0.1063 -0.5271
vn 0.8869 0.1251 -0.4446
vn 0.6588 0.3310 -0.6756
vn 0.9658 -0.0678 -0.2504
vn 0.9961 0.0258 -0.0849
vn 0.8013 0.4597 -0.3829
vn 0.7200 0.6438 -0.2590
vn 0.9399 0.3359 0.0620
vn -0.9265 -0.3376 0.1663
vn -0.8997 -0.4364 -0.0064
vn -0.9624 -0.2710 -0.0208
vn -0.6987 0.1041 0.7078
vn -0.4174 0.0238 0.9084
vn -0.7128 -0.4193 0.5622
vn -0.8415 -0.1286 0.5248
vn -0.9472 -0.2310 -0.2222
vn -0.9399 -0.3172 -0.1264
vn -0.9191 -0.3791 -0.1079
vn 0.9375 -0.2737 0.2148
vn 0.9669 -0.2020 0.1556
vn 0.9551 -0.2925 0.0479
vn -0.8413 -0.0868 -0.5336
vn -0.7273 -0.2520 0.6384
vn -0.9841 0.1301 0.1207
vn -0.8825 0.0554 -0.4670
vn -0.3943 0.1383 0.9085
vn -0.9520 -0.1946 -0.2361
vn -0.9751 -0.1727 -0.1394
vn -0.9642 -0.2234 -0.1426
vn -0.9762 -0.2138 -0.0362
vn -0.9304 -0.1706 -0.3243
vn -0.8656 -0.1378 -0.4814
vn -0.8700 -0.1070 -0.4814
vn -0.8307 -0.1045 -0.5468
vn -0.9781 -0.0775 0.1931
vn -0.9905 -0.1313 -0.0410
vn -0.9829 -0.0687 0.1711
vn -0.9313 -0.1465 -0.3334
vn -0.9382 -0.1726 -0.3001
vn -0.9251 -0.1774 -0.3358
vn -0.9669 -0.2212 -0.1270
vn -0.4865 0.0333 0.8730
vn -0.1062 0.1445 0.9838
vn -0.0534 0.0678 0.9963
vn -0.5606 0.2337 0.7944
vn -0.9895 0.0536 0.1343
vn -0.9891 0.1469 -0.0048
vn -0.9734 0.0065 0.2290
vn -0.6544 0.0671 0.7531
vn -0.5333 0.3129 -0.7859
vn -0.2602 0.3195 -0.9112
vn -0.5261 0.2906 -0.7992
vn -0.3036 0.9218 0.2413
vn -0.6085 0.7152 0.3439
vn -0.3835 0.9124 -0.1433
vn -0.0810 0.6165 -0.7832
vn -0.2574 0.8277 -0.4986
vn -0.1582 0.8244 0.5434
vn -0.1999 0.8988 0.3901
vn -0.6740 0.2831 0.6824
vn -0.4888 0.2702 0.8295
vn -0.4352 0.2948 0.8507
vn -0.6786 0.2290 0.6979
vn -0.1594 0.9064 0.3913
vn -0.1550 0.9874 0.0305
vn -0.9782 0.0823 -0.1908
vn -0.9297 -0.0326 -0.3669
vn -0.8751 -0.0361 -0.4826
vn -0.9765 0.1965 0.0885
vn -0.9285 0.0671 -0.3652
vn -0.4517 0.3332 -0.8276
vn -0.6835 0.3267 -0.6528
vn -0.6962 0.3301 -0.6374
vn -0.9144 0.2496 -0.3186
vn -0.6294 0.3311 -0.7030
vn -0.3014 0.3195 -0.8984
vn -0.8963 0.3560 0.2646
vn -0.9056 0.3974 -0.1482
vn -0.8590 0.3844 0.3383
vn -0.8193 0.2345 -0.5232
vn -0.7610 0.3050 -0.5725
vn -0.8660 0.4379 -0.2413
vn -0.9517 0.2034 -0.2300
vn -0.9213 0.1035 -0.3748
vn -0.9224 0.1085 -0.3708
vn -0.9148 0.1281 -0.3830
vn -0.8187 0.3423 -0.4610
vn -0.8246 0.3969 -0.4031
vn -0.9303 0.3366 0.1456
vn -0.9092 0.4102 0.0721
vn -0.7228 0.3423 0.6003
vn -0.8943 0.4138 0.1702
vn -0.9175 0.3972 0.0193
vn -0.8083 0.3330 -0.4855
vn -0.7415 0.2908 -0.6047
vn -0.6798 0.2999 -0.6693
vn -0.8889 0.3624 0.2802
vn -0.8887 0.4333 -0.1501
vn -0.8225 0.3575 0.4423
vn -0.8876 0.4178 -0.1941
vn -0.9025 0.4299 -0.0265
vn -0.8430 0.4028 0.3566
vn -0.6293 0.2978 -0.7178
vn -0.7079 0.2478 -0.6614
vn -0.7531 0.2250 -0.6182
vn -0.5981 0.2911 -0.7467
vn -0.4086 0.2684 -0.8723
vn -0.5201 0.3249 -0.7899
vn -0.5851 0.3633 -0.7250
vn -0.9178 0.3601 -0.1671
vn -0.8035 0.2539 0.5384
vn -0.8399 0.2393 0.4872
vn -0.8094 0.3124 0.4973
vn -0.7436 0.2509 0.6197
vn -0.8655 0.4316 0.2542
vn -0.9150 0.3780 0.1409
vn -0.8928 0.4328 -0.1249
vn -0.8484 0.5096 0.1431
vn -0.8142 0.4173 0.4036
vn -0.9026 0.4072 -0.1396
vn -0.8402 0.4426 0.3132
vn -0.8032 0.4266 -0.4158
vn -0.6810 0.3743 -0.6294
vn -0.5864 0.2989 -0.7529
vn -0.7505 0.4057 -0.5217
vn -0.8639 0.4228 -0.2738
vn -0.7533 0.4480 0.4816
vn -0.8596 0.4521 0.2381
vn -0.8983 0.4082 -0.1628
vn -0.5864 0.2375 0.7744
vn -0.8575 0.4286 0.2845
vn -0.8741 0.2640 0.4077
vn -0.8662 0.4974 0.0469
vn -0.9149 0.3642 0.1742
vn -0.7129 0.3428 -0.6117
vn -0.7849 0.4967 -0.3704
vn -0.8824 0.4702 0.0203
vn -0.2632 0.7149 0.6478
vn -0.3857 0.8748 0.2932
vn -0.2775 0.8239 0.4941
vn -0.3352 0.8226 -0.4593
vn -0.6676 0.4041 0.6253
vn -0.6518 0.3359 0.6799
vn -0.7415 0.5035 0.4435
vn -0.6952 0.4717 0.5424
vn -0.8115 0.4443 0.3795
vn -0.7911 0.4300 0.4350
vn -0.8057 0.5086 -0.3036
vn -0.8295 0.3635 -0.4240
vn -0.7320 0.4125 0.5422
vn -0.8294 0.5329 0.1675
vn -0.8050 0.5857 0.0941
vn -0.5821 0.4225 -0.6947
vn -0.6167 0.3976 -0.6794
vn -0.5058 0.3973 -0.7657
vn -0.8441 0.5360 -0.0148
vn -0.7579 0.5851 -0.2886
vn -0.5699 0.4421 0.6926
vn -0.3278 0.9231 0.2010
vn -0.3034 0.9244 -0.2311
vn -0.2911 0.7923 -0.5362
vn -0.2554 0.8727 0.4161
vn -0.2990 0.7508 -0.5889
vn -0.3194 0.7879 -0.5265
vn -0.2622 0.9650 0.0024
vn -0.2582 0.6486 -0.7160
vn -0.5342 0.3567 -0.7665
vn -0.7882 0.5653 -0.2435
vn -0.8237 0.5375 -0.1804
vn -0.7341 0.5297 0.4249
vn -0.5995 0.4330 -0.6731
vn -0.7712 0.6269 0.1108
vn -0.3248 0.2928 0.8993
vn -0.5846 0.3260 0.7430
vn -0.7914 0.4732 0.3870
vn -0.7725 0.4636 0.4340
vn -0.6863 0.4478 0.5732
vn -0.6861 0.4333 -0.5844
vn -0.8244 0.4642 -0.3238
vn -0.3791 0.4755 0.7938
vn -0.3504 0.7981 0.4901
vn -0.5028 0.3428 0.7935
vn -0.8172 0.3368 0.4678
vn -0.8280 -0.1057 0.5507
vn -0.7261 0.4927 0.4796
vn -0.6330 0.3750 -0.6772
vn -0.7462 0.5854 0.3170
vn -0.8208 0.5712 -0.0009
vn -0.6102 0.4253 0.6684
vn -0.5586 0.6148 -0.5567
vn -0.7885 0.3362 -0.5150
vn -0.7871 0.5164 0.3374
vn -0.7073 0.7065 0.0254
vn -0.6480 0.7603 0.0455
vn -0.6291 0.7731 -0.0811
vn -0.5877 0.8076 -0.0484
vn -0.4935 0.7810 -0.3827
vn -0.4027 0.5499 -0.7317
vn 0.8666 -0.3533 0.3524
vn 0.8847 -0.2912 0.3641
vn 0.9245 -0.0706 0.3746
vn 0.8745 -0.2245 0.4299
vn 0.8970 0.0497 0.4392
vn -0.7195 -0.1687 -0.6737
vn -0.7637 -0.2946 -0.5745
vn -0.5566 -0.7380 -0.3815
vn 0.6108 -0.3246 -0.7222
vn 0.6311 -0.1201 -0.7664
vn 0.1022 -0.0482 -0.9936
vn 0.3832 0.1277 -0.9148
vn -0.1228 0.2517 -0.9600
vn -0.7486 0.1287 -0.6504
vn -0.6428 -0.0206 0.7658
vn -0.9970 -0.0260 -0.0725
vn -0.7079 -0.0754 -0.7023
vn -0.6553 -0.3387 -0.6752
vn -0.6086 -0.6424 -0.4658
vn -0.0808 -0.9964 0.0275
vn -0.0776 -0.8606 0.5034
vn 0.2351 -0.5941 0.7693
vn 0.0408 -0.1011 0.9940
vn -0.8073 -0.5793 -0.1130
vn -0.8463 0.2774 0.4548
vn -0.3750 0.2485 0.8931
vn -0.3017 0.2138 -0.9291
vn -0.9242 -0.0224 -0.3813
vn -0.8564 -0.0773 -0.5104
vn -0.9494 0.1305 0.2858
vn -0.0558 0.8633 -0.5016
vn -0.5216 0.2040 0.8284
vn -0.3610 0.3081 0.8802
vn -0.9099 0.3152 0.2698
vn -0.9455 0.2145 0.2449
vn -0.9665 0.2463 -0.0718
vn -0.8767 0.3829 -0.2912
vn -0.9207 0.3347 0.2006
vn -0.7759 0.2956 -0.5573
vn -0.9488 0.3144 0.0316
vn -0.9177 0.3033 0.2565
vn -0.8746 0.4614 -0.1489
vn -0.7045 0.2476 0.6651
vn -0.8636 0.4628 0.2000
vn -0.4064 0.9126 0.0451
vn -0.2327 0.9612 0.1483
vn -0.3146 0.9216 -0.2273
vn -0.3128 0.9497 -0.0150
vn 0.2686 0.0391 -0.9625
vn 0.1013 -0.0671 -0.9926
vn -0.3616 0.3678 -0.8567
vn 0.1598 0.0537 -0.9857
vn -0.4781 0.5784 -0.6609
vn 0.2260 -0.2497 -0.9416
vn -0.0489 -0.1837 0.9818
vn -0.0944 -0.2154 0.9720
vn -0.4946 0.3601 0.7910
vn -0.3036 0.0632 0.9507
vn -0.7586 0.2765 0.5900
vn -0.8414 0.4117 0.3500
vn -0.8547 0.5012 -0.1349
vn -0.5948 0.4240 0.6829
vn -0.0655 0.3078 -0.9492
vn -0.5533 0.4184 -0.7203
vn -0.6992 0.3250 0.6368
vn -0.7775 0.6057 -0.1689
vn -0.3019 0.9523 -0.0456
vn -0.3260 0.9415 -0.0857
vn -0.2693 0.8289 0.4903
vn -0.1977 0.9711 0.1333
vn -0.1406 0.9759 -0.1666
vn -0.0950 0.4811 -0.8715
vn -0.6979 0.4992 -0.5136
vn -0.7334 0.4252 -0.5304
vn -0.7151 0.4720 -0.5156
vn -0.7423 0.5735 -0.3466
vn -0.6847 0.4871 -0.5422
vn -0.8374 0.4445 -0.3183
vn -0.7038 0.4735 -0.5296
vn -0.7902 0.5788 -0.2014
vn -0.7301 0.4006 0.5536
vn -0.6619 0.4276 0.6157
vn -0.7659 0.3828 0.5166
vn -0.7827 0.5248 0.3346
vn -0.7298 0.4143 -0.5439
vn -0.5509 0.2897 -0.7827
vn -0.8234 0.4977 0.2726
vn -0.6328 0.6414 0.4337
vn -0.7253 0.5201 -0.4510
vn -0.5477 0.8168 0.1812
vn -0.4373 0.8551 -0.2787
vn -0.4585 0.7324 0.5034
vn -0.4349 0.8858 -0.1618
vn -0.5072 0.7321 -0.4547
vn -0.4221 0.9034 -0.0755
vn -0.4017 0.7184 0.5680
vn -0.3207 0.7213 -0.6139
vn -0.3967 0.8989 -0.1862
vn -0.4895 0.8469 -0.2075
vn -0.4555 0.8869 -0.0771
vn -0.4894 0.8171 -0.3046
vn -0.6098 0.4111 -0.6776
vn -0.6779 0.6742 -0.2932
vn -0.8012 0.5954 -0.0598
vn -0.3994 0.5117 -0.7607
vn 0.3759 -0.9244 -0.0651
vn -0.5281 -0.6590 0.5356
vn 0.7135 -0.4270 -0.5555
vn 0.6232 -0.0733 -0.7786
vn 0.7999 -0.3419 -0.4932
vn 0.7206 -0.3581 -0.5937
vn 0.8957 -0.3859 -0.2209
vn 0.9468 -0.2651 -0.1825
vn 0.8395 -0.3586 -0.4082
vn -0.7514 -0.3608 0.5525
vn -0.9006 -0.2928 0.3211
vn 0.9154 -0.3893 -0.1029
vn 0.9628 -0.2647 -0.0547
vn 0.9310 -0.3636 -0.0305
vn 0.6656 0.3501 -0.6591
vn -0.9705 -0.2386 0.0345
vn -0.9560 -0.2449 -0.1615
vn -0.9527 -0.1832 0.2424
vn -0.8280 0.3652 0.4255
vn -0.7587 0.3202 -0.5673
vn -0.9633 -0.2548 -0.0839
vn -0.9685 -0.2319 -0.0903
vn -0.7880 -0.0371 -0.6145
vn -0.0700 -0.1675 -0.9834
vn -0.5959 -0.1458 -0.7897
vn -0.9648 0.0605 0.2561
vn -0.7903 0.0514 0.6106
vn -0.7075 0.0516 0.7049
vn -0.8047 0.0108 0.5936
vn -0.9256 -0.0801 0.3699
vn -0.9750 -0.1423 0.1707
vn -0.9816 0.1898 0.0207
vn -0.9121 -0.0368 0.4083
vn -0.7538 0.1372 -0.6426
vn -0.9491 0.1279 -0.2880
vn -0.9791 -0.0000 0.2035
vn -0.9958 0.0907 0.0113
vn -0.2692 0.3227 -0.9074
vn -0.9288 0.2046 -0.3089
vn -0.9935 0.0685 0.0906
vn -0.9872 0.1216 0.1031
vn -0.9959 0.0711 0.0562
vn -0.9829 0.0623 -0.1735
vn -0.4287 0.3481 -0.8337
vn -0.8759 0.2451 0.4156
vn -0.9538 0.2932 -0.0657
vn -0.8676 0.2693 -0.4181
vn -0.9370 0.2842 -0.2029
vn -0.8688 0.4281 0.2490
vn -0.2523 0.9577 0.1384
vn -0.3198 0.9475 0.0079
vn -0.2988 0.9399 -0.1656
vn -0.2479 0.9294 0.2734
vn -0.3133 0.9357 0.1623
vn -0.8616 0.4930 0.1206
vn -0.8893 0.4057 -0.2112
vn -0.7749 0.3911 -0.4966
vn -0.3170 0.9453 -0.0767
vn -0.1833 0.9689 -0.1664
vn -0.2367 0.9306 0.2792
vn -0.2537 0.9627 0.0940
vn -0.7338 0.5228 0.4338
vn -0.7568 0.5109 -0.4078
vn -0.6566 0.5019 -0.5630
vn -0.4815 0.8679 -0.1222
vn -0.2423 0.9438 -0.2246
vn -0.3117 0.9475 0.0711
vn -0.4664 0.8795 0.0950
vn 0.3177 0.9427 0.1018
vn -0.4092 0.8439 0.3468
vn 0.2767 -0.0622 -0.9589
vn 0.2931 0.6395 -0.7107
vn -0.2770 0.2350 -0.9317
vn -0.5724 -0.4008 -0.7154
vn -0.8347 -0.5504 0.0179
vn -0.5981 -0.2369 0.7656
vn 0.5248 0.6580 -0.5401
vn 0.5365 0.8354 0.1198
vn 0.8448 0.4723 0.2514
vn 0.9811 -0.1937 -0.0025
vn -0.3294 0.1354 -0.9344
vn -0.8782 -0.1701 -0.4469
vn -0.8017 -0.1273 -0.5840
vn -0.7949 -0.0369 -0.6056
vn -0.0353 0.2369 -0.9709
vn -0.0650 0.2402 -0.9685
vn -0.5066 0.3349 -0.7945
vn -0.6759 0.4028 -0.6172
vn -0.9733 0.2268 0.0361
vn -0.7673 0.1506 -0.6234
vn -0.9529 0.3032 0.0091
vn -0.8354 0.4282 0.3445
vn -0.8496 0.3980 0.3460
vn -0.1841 0.3196 -0.9295
vn -0.2385 0.2881 -0.9274
vn -0.6138 0.3867 -0.6882
vn -0.1336 0.3624 -0.9224
vn 0.1220 0.3129 -0.9419
vn -0.5943 0.4269 -0.6816
vn -0.6084 0.5186 -0.6008
vn -0.8200 0.4305 0.3771
vn -0.8918 0.4483 0.0618
vn -0.1802 0.3542 -0.9176
vn 0.1675 0.1389 -0.9760
vn -0.0631 0.2643 -0.9624
vn 0.1033 0.2488 -0.9630
vn -0.2316 0.4744 -0.8493
vn -0.7472 0.5117 0.4241
vn -0.7966 0.5131 -0.3197
vn -0.6938 0.3661 0.6201
vn -0.7105 0.4824 -0.5123
vn -0.1412 0.1461 -0.9791
vn -0.1630 0.7582 0.6313
vn -0.4057 0.9073 -0.1108
vn -0.4719 0.8148 -0.3368
vn -0.4782 0.8738 -0.0881
vn -0.4290 0.7046 0.5652
vn -0.3630 0.6898 0.6264
vn -0.4693 0.8663 0.1711
vn -0.5288 0.8197 -0.2201
vn -0.6291 0.7773 0.0028
vn -0.2577 0.6056 -0.7529
vn -0.7928 0.5698 0.2164
vn -0.6523 0.6783 0.3383
vn -0.5334 0.3053 -0.7888
vn -0.5130 0.3174 -0.7975
vn -0.7887 0.4261 -0.4432
vn 0.5688 0.2715 -0.7764
vn -0.7066 0.0040 0.7076
vn 0.3116 -0.7845 0.5362
vn 0.3989 -0.1436 -0.9057
vn 0.5868 -0.3859 -0.7119
vn 0.0854 -0.2020 -0.9757
vn 0.2135 0.0870 0.9731
vn -0.3080 0.2522 0.9173
vn -0.9395 -0.1294 -0.3171
vn -0.8098 0.2493 -0.5311
vn -0.9884 -0.0157 0.1511
vn -0.9979 -0.0547 -0.0353
vn -0.8500 0.0062 -0.5268
vn -0.9685 0.2222 0.1121
vn -0.9959 0.0890 -0.0141
vn -0.9740 0.2175 -0.0638
vn -0.9292 0.1150 -0.3513
vn -0.2007 0.9180 -0.3419
vn -0.1688 0.4322 -0.8858
vn -0.2379 0.8526 -0.4653
vn -0.1397 0.6228 -0.7698
vn -0.9163 0.3620 0.1715
vn -0.7011 0.3609 -0.6150
vn -0.8397 0.4154 -0.3497
vn -0.8832 0.4667 -0.0467
vn -0.8651 0.3106 0.3938
vn -0.3032 0.8720 -0.3843
vn -0.2171 0.9168 -0.3353
vn -0.2910 0.9566 -0.0157
vn -0.2665 0.9573 -0.1119
vn -0.2156 0.9761 0.0260
vn -0.3191 0.8902 -0.3251
vn -0.4024 0.8342 -0.3770
vn -0.3064 0.8685 0.3897
vn -0.8786 0.4246 0.2187
vn -0.4064 0.2894 -0.8667
vn -0.4317 -0.1071 -0.8956
vn -0.7761 0.5244 -0.3503
vn -0.5351 0.3550 -0.7666
vn -0.5417 0.3542 -0.7623
vn -0.4958 0.4716 0.7292
vn -0.8618 0.4087 0.3004
vn -0.2790 0.2194 0.9349
vn -0.2996 0.6393 0.7082
vn -0.8195 0.5544 0.1453
vn -0.6839 0.2456 0.6870
vn -0.6612 0.3303 0.6736
vn -0.6139 0.3992 0.6810
vn -0.5667 0.2821 0.7741
vn -0.3514 0.5348 0.7684
vn -0.3252 0.5268 0.7853
vn -0.4141 0.4908 0.7666
vn -0.6230 0.7399 0.2539
vn -0.4583 0.5951 0.6602
vn 0.1147 -0.9751 0.1901
vn 0.7416 -0.4335 -0.5119
vn 0.4560 0.1912 -0.8692
vn -0.9792 -0.1849 -0.0837
vn -0.9388 -0.1468 -0.3115
vn -0.9903 -0.1225 0.0659
vn -0.9784 0.0274 -0.2047
vn -0.9509 0.1919 0.2427
vn -0.7209 0.2808 0.6336
vn -0.9359 0.2710 -0.2251
vn -0.2615 0.9621 0.0778
vn -0.2640 0.9432 0.2016
vn -0.1772 0.9802 -0.0888
vn -0.2712 0.9265 -0.2609
vn -0.1330 0.9871 0.0896
vn -0.2149 0.9592 -0.1839
vn -0.2675 0.9559 0.1212
vn -0.2528 0.4590 -0.8517
vn -0.6588 0.4725 -0.5855
vn -0.7170 0.5711 0.3998
vn -0.8041 0.5691 -0.1720
vn -0.4718 0.2324 0.8505
vn -0.7982 0.5910 0.1164
vn -0.7972 0.5726 0.1911
vn -0.8126 0.4300 0.3935
vn -0.3030 -0.7964 -0.5235
vn 0.5461 -0.7765 0.3143
vn -0.8609 -0.1182 0.4949
vn -0.8253 0.4840 0.2910
vn -0.8798 0.4749 -0.0215
vn -0.8648 0.5021 -0.0021
vn -0.7476 0.1195 0.6533
vn -0.2201 0.4495 -0.8657
vn -0.2827 0.4674 0.8376
vn -0.8083 0.5879 -0.0318
vn -0.4136 0.2290 0.8812
vn -0.2305 0.9714 0.0572
vn -0.2370 0.8575 -0.4567
vn -0.2730 0.9364 0.2204
vn -0.2131 0.8114 -0.5442
vn -0.3034 0.8910 0.3378
vn -0.2612 0.6896 -0.6755
vn -0.4989 0.8662 -0.0291
vn -0.1867 0.9508 -0.2473
vn -0.6052 0.7845 -0.1351
vn -0.6950 0.7123 0.0985
vn -0.7401 0.6282 0.2400
vn -0.5287 0.6419 0.5554
vn -0.6647 0.6177 -0.4202
vn -0.5450 0.8069 -0.2278
vn -0.7459 0.4833 0.4584
vn -0.6809 0.5740 0.4548
vn -0.4857 0.4036 0.7754
vn -0.7547 0.6519 -0.0739
vn -0.6693 0.5796 0.4649
vn -0.6634 0.6335 -0.3983
vn -0.7288 0.4683 -0.4996
vn -0.5292 0.5933 0.6066
vn -0.4501 0.4850 0.7498
vn -0.6389 0.6029 -0.4779
vn -0.7181 0.6222 -0.3117
vn -0.3898 0.4387 -0.8097
vn -0.4304 0.5794 -0.6922
vn -0.4095 0.4625 0.7864
vn -0.4813 0.5156 0.7089
vn -0.5696 0.5942 0.5678
vn -0.6089 0.6709 -0.4232
vn -0.6884 0.6624 -0.2956
vn 0.8686 -0.3885 -0.3076
vn 0.8798 -0.4300 -0.2024
vn -0.3120 0.9317 -0.1861
vn -0.6865 0.4348 0.5828
vn -0.5998 0.3335 -0.7273
vn -0.8022 0.5942 0.0588
vn -0.7763 0.5313 0.3391
vn 0.0000 0.2227 0.9749
vn -0.8519 0.4919 0.1797
vn -0.6890 0.5797 -0.4351
vn -0.6563 0.5957 0.4631
vn -0.6843 0.5142 -0.5171
vn -0.4873 0.8680 0.0957
vn -0.3223 0.6555 0.6830
vn -0.5010 0.6522 0.5689
vn -0.6477 0.7453 0.1585
vn -0.5682 0.8223 -0.0300
vn -0.6993 0.7081 0.0978
vn -0.5740 0.7319 -0.3671
vn -0.6432 0.7019 -0.3060
vn -0.6422 0.7666 -0.0013
vn -0.7424 0.6699 -0.0109
vn -0.6906 0.5766 -0.4366
vn -0.4159 0.4462 -0.7924
vn -0.4419 0.5084 -0.7391
vn -0.4637 0.4444 -0.7665
vn -0.5164 0.4160 -0.7485
vn -0.3154 0.5630 -0.7639
vn -0.1916 0.0757 0.9786
vn -0.9679 -0.0619 -0.2435
vn -0.9590 0.2723 0.0785
vn -0.9079 0.2687 0.3217
vn -0.6940 0.3695 -0.6179
vn -0.6532 0.5053 -0.5639
vn -0.3429 0.7910 0.5066
vn -0.3648 0.2113 -0.9068
vn -0.5044 0.3089 -0.8063
vn -0.9189 0.3907 -0.0543
vn -0.5304 0.1971 0.8245
vn -0.8887 0.1710 0.4254
vn -0.8203 0.3622 0.4426
vn -0.7884 0.5563 0.2625
vn -0.5937 0.3323 0.7329
vn -0.5586 0.3704 0.7421
vn -0.5949 0.3456 0.7257
vn -0.6758 0.4106 0.6121
vn -0.5812 0.5282 0.6190
vn -0.7315 0.6141 0.2962
vn -0.8014 0.5754 0.1636
vn -0.8496 0.4938 -0.1856
vn -0.8757 -0.4803 -0.0498
vn -0.2820 0.9557 -0.0840
vn -0.2616 0.9353 0.2383
vn -0.2384 0.9164 -0.3215
vn -0.2933 0.9448 0.1462
vn -0.1534 0.9673 0.2018
vn -0.1348 0.8908 0.4340
vn -0.2879 0.9565 0.0468
vn -0.6782 0.5374 -0.5013
vn -0.7722 0.4820 -0.4140
vn -0.6515 0.3423 0.6770
vn -0.6445 0.4609 -0.6101
vn -0.6984 0.6132 -0.3691
vn -0.5605 0.4419 -0.7004
vn -0.8433 -0.4792 0.2434
vn -0.9365 -0.3492 -0.0320
vn 0.6548 -0.2262 0.7212
vn -0.2484 -0.7703 0.5873
vn 0.6850 -0.3217 -0.6537
vn -0.2526 0.0670 0.9653
vn -0.2050 0.9344 0.2913
vn -0.1588 0.8006 0.5778
vn -0.3157 0.8913 0.3256
vn -0.1842 0.7486 -0.6369
vn -0.2185 0.3889 -0.8950
vn -0.0724 0.2826 -0.9565
vn -0.0035 0.2782 -0.9605
vn -0.8595 0.4915 0.1404
vn -0.4632 0.4433 -0.7674
vn -0.1494 0.3500 -0.9247
vn -0.8444 0.5269 0.0965
vn -0.7962 0.4702 -0.3807
vn -0.6430 0.7203 -0.2602
vn -0.7784 0.6147 0.1274
vn -0.3479 0.5216 0.7791
vn -0.2892 0.1408 -0.9469
vn -0.4400 0.6764 -0.5906
vn -0.2243 0.4949 0.8395
vn 0.0343 0.4088 -0.9120
vn -0.0723 0.1197 -0.9902
vn -0.6100 0.7521 -0.2495
vn -0.7518 -0.3514 0.5579
vn 0.6920 0.2891 -0.6614
vn -0.2357 0.8340 -0.4989
vn -0.1314 0.7144 -0.6873
vn -0.2451 0.8300 -0.5010
vn -0.6549 0.4718 0.5904
vn -0.3937 0.2493 -0.8848
vn -0.1347 0.0923 -0.9866
vn -0.3688 0.9254 0.0873
vn -0.3809 0.9072 -0.1788
vn -0.3628 0.8829 -0.2982
vn -0.2344 0.9688 -0.0804
vn -0.7699 0.3307 0.5458
vn -0.7204 0.3563 0.5951
vn 0.1964 0.3186 -0.9273
vn -0.1633 0.5317 -0.8310
vn -0.4563 0.3427 0.8212
vn -0.5360 0.8118 0.2315
vn -0.2967 0.2473 -0.9224
vn -0.5819 0.4309 0.6897
vn -0.7612 0.2416 0.6019
vn -0.5964 0.3426 0.7259
vn -0.9818 0.0594 0.1802
vn -0.9993 -0.0360 -0.0069
vn -0.3106 0.9505 -0.0026
vn -0.3892 0.9180 0.0763
vn -0.5950 0.4007 0.6967
vn -0.9379 0.1612 0.3073
vn -0.6464 0.1375 0.7505
vn -0.6764 0.0408 0.7354
vn -0.8797 0.4516 0.1489
vn -0.7189 0.1592 0.6766
vn -0.6481 0.4495 0.6147
vn -0.6156 0.5096 -0.6011
vn -0.4213 0.8288 0.3683
vn -0.4680 0.7967 -0.3824
vn -0.4473 0.8540 -0.2656
vn -0.5275 0.8425 -0.1090
vn -0.5705 0.7422 -0.3518
vn -0.5551 0.7391 -0.3816
vn 0.3256 0.3194 -0.8899
vn -0.9613 0.1682 -0.2181
vn -0.1320 0.3990 -0.9074
vn -0.0785 0.2357 -0.9687
vn -0.8982 0.3832 0.2154
vn -0.3310 0.8844 -0.3291
vn -0.3243 0.5861 0.7425
vn -0.8248 0.4732 -0.3094
vn -0.6905 -0.6646 -0.2855
vn -0.3583 -0.9212 -0.1515
vn 0.5968 -0.7221 0.3499
vn -0.3398 0.4732 -0.8128
vn 0.2866 -0.2312 -0.9297
vn 0.5872 -0.7637 0.2682
vn -0.5752 0.7862 0.2260
vn -0.6755 0.7336 0.0741
vn -0.5767 0.7689 -0.2761
vn -0.5546 0.7151 -0.4254
vn -0.0018 0.8192 -0.5735
vn -0.2449 0.8738 -0.4201
vn -0.5197 0.7087 -0.4771
vn 0.1179 0.8868 -0.4469
vn 0.5741 -0.0691 -0.8158
vn -0.6695 -0.3861 0.6346
vn -0.7682 -0.5247 0.3667
vn -0.2831 0.8275 0.4848
vn -0.7245 0.6889 -0.0244
vn -0.7503 0.6602 0.0330
vn -0.5507 0.4939 0.6729
vn -0.7000 0.6670 -0.2551
vn -0.3844 0.5645 0.7305
vn -0.7370 0.6723 -0.0698
vn -0.7355 0.5597 0.3818
vn -0.6440 0.7601 0.0870
vn -0.6897 0.7240 -0.0153
vn -0.6852 0.5125 0.5176
vn -0.6999 0.6785 0.2229
usemtl material_0.006
s 1
f 1/1/1 2/2/2 3/3/3
f 4/4/4 5/5/5 6/6/6
f 7/7/7 8/8/8 9/9/9
f 7/7/7 10/10/10 8/8/8
f 11/11/11 12/12/12 10/10/10
f 13/13/13 11/14/11 14/15/14
f 12/12/12 11/11/11 13/16/13
f 15/17/15 16/18/16 17/19/17
f 18/20/18 19/21/19 20/22/20
f 18/20/18 20/22/20 21/23/21
f 22/24/22 23/25/23 24/26/24
f 25/27/25 26/28/26 27/29/27
f 28/30/28 29/31/29 30/32/30
f 30/32/30 31/33/31 28/30/28
f 30/34/30 29/35/29 32/36/32
f 33/37/33 34/38/34 35/39/35
f 35/39/35 36/40/36 33/37/33
f 37/41/37 38/42/38 39/43/39
f 38/42/38 40/44/40 39/43/39
f 41/45/41 42/46/42 43/47/43
f 44/48/44 42/46/42 45/49/45
f 46/50/46 44/48/44 45/49/45
f 46/50/46 45/49/45 33/37/33
f 46/50/46 33/37/33 47/51/47
f 48/52/48 49/53/49 50/54/50
f 48/52/48 51/55/51 49/53/49
f 52/56/52 53/57/53 51/58/51
f 54/59/54 48/60/48 55/61/55
f 56/62/56 57/63/57 58/64/58
f 59/65/59 60/66/60 61/67/61
f 61/67/61 62/68/62 63/69/63
f 61/67/61 63/69/63 59/65/59
f 64/70/64 60/66/60 59/65/59
f 59/65/59 65/71/65 64/70/64
f 66/72/66 67/73/67 68/74/68
f 67/73/67 66/72/66 69/75/69
f 70/76/70 65/71/65 71/77/71
f 72/78/72 73/79/73 74/80/74
f 75/81/75 74/80/74 76/82/76
f 75/81/75 72/78/72 74/80/74
f 77/83/77 78/84/78 79/85/79
f 79/85/79 78/84/78 80/86/80
f 77/83/77 81/87/81 82/88/82
f 83/89/83 84/90/84 85/91/85
f 86/92/86 87/93/87 88/94/88
f 86/95/86 89/96/89 90/97/90
f 91/98/91 92/99/92 90/97/90
f 93/100/93 94/101/94 95/102/95
f 96/103/96 97/104/97 98/105/98
f 99/106/99 100/107/100 83/89/83
f 99/106/99 93/100/93 100/107/100
f 97/104/97 99/106/99 98/105/98
f 99/106/99 83/89/83 98/105/98
f 96/108/96 98/109/98 101/110/101
f 87/93/87 101/110/101 98/109/98
f 101/110/101 102/111/102 96/108/96
f 103/112/103 94/101/94 104/113/104
f 105/114/105 96/103/96 106/115/106
f 107/116/107 96/103/96 105/114/105
f 97/104/97 96/103/96 107/116/107
f 102/111/102 106/117/106 96/108/96
f 108/118/108 105/114/105 106/115/106
f 102/111/102 109/119/109 106/117/106
f 110/120/110 102/111/102 101/110/101
f 111/121/111 110/120/110 101/110/101
f 112/122/112 113/123/113 114/124/114
f 113/123/113 115/125/115 114/124/114
f 114/124/114 115/125/115 116/126/116
f 117/127/117 116/128/116 118/129/118
f 119/130/119 120/131/120 117/127/117
f 121/132/121 122/133/122 123/134/123
f 123/134/123 124/135/124 121/132/121
f 124/135/124 123/134/123 125/136/125
f 123/134/123 122/133/122 126/137/126
f 125/136/125 123/134/123 126/137/126
f 124/135/124 125/136/125 127/138/127
f 128/139/128 129/140/129 130/141/130
f 130/141/130 129/140/129 131/142/131
f 129/140/129 109/119/109 131/142/131
f 109/119/109 132/143/132 131/142/131
f 132/144/132 133/145/133 134/146/134
f 132/144/132 135/147/135 133/145/133
f 136/148/136 137/149/137 138/150/138
f 137/149/137 139/151/139 138/150/138
f 138/150/138 139/151/139 140/152/140
f 141/153/141 142/154/142 130/141/130
f 130/141/130 131/142/131 141/153/141
f 141/153/141 131/142/131 143/155/143
f 144/156/144 145/157/145 146/158/146
f 147/159/147 145/157/145 144/156/144
f 148/160/148 149/161/149 150/162/150
f 150/162/150 151/163/151 148/160/148
f 150/162/150 149/161/149 152/164/152
f 153/165/153 154/166/154 155/167/155
f 153/165/153 156/168/156 154/166/154
f 156/168/156 157/169/157 154/166/154
f 156/168/156 151/163/151 157/169/157
f 151/163/151 158/170/158 157/169/157
f 159/171/159 154/166/154 157/169/157
f 159/171/159 157/169/157 158/170/158
f 159/171/159 160/172/160 154/166/154
f 161/173/161 162/174/162 163/175/163
f 163/176/163 162/177/162 164/178/164
f 165/179/165 166/180/166 167/181/167
f 168/182/168 166/180/166 165/179/165
f 169/183/169 167/181/167 170/184/170
f 169/183/169 170/184/170 147/159/147
f 147/159/147 171/185/171 172/186/172
f 173/187/173 160/172/160 174/188/174
f 174/189/174 160/190/160 175/191/175
f 176/192/176 174/189/174 175/191/175
f 175/193/175 160/172/160 177/194/177
f 178/195/178 179/196/179 180/197/180
f 181/198/181 182/199/182 183/200/183
f 184/201/184 181/198/181 185/202/185
f 182/199/182 181/198/181 184/201/184
f 186/203/186 187/204/187 188/205/188
f 189/206/189 190/207/190 187/208/187
f 187/208/187 186/209/186 189/206/189
f 189/210/189 186/211/186 191/212/191
f 183/200/183 189/210/189 181/198/181
f 189/210/189 191/212/191 181/198/181
f 184/213/184 185/214/185 192/215/192
f 193/216/193 194/217/194 195/218/195
f 194/219/194 196/220/196 197/221/197
f 198/222/198 194/219/194 197/221/197
f 198/223/198 195/218/195 194/217/194
f 197/221/197 199/224/199 198/222/198
f 198/223/198 199/225/199 188/226/188
f 200/227/200 201/228/201 202/229/202
f 203/230/203 202/229/202 201/228/201
f 203/231/203 204/232/204 202/233/202
f 205/234/205 206/235/206 207/236/207
f 206/235/206 208/237/208 209/238/209
f 210/239/210 211/240/211 212/241/212
f 213/242/213 214/243/214 215/244/215
f 214/243/214 216/245/216 215/244/215
f 216/246/216 217/247/217 218/248/218
f 218/249/218 215/244/215 216/245/216
f 6/6/6 219/250/219 220/251/220
f 221/252/221 210/239/210 222/253/222
f 223/254/223 222/255/222 224/256/224
f 225/257/225 224/258/224 226/259/226
f 225/260/225 223/254/223 224/256/224
f 225/261/225 226/262/226 227/263/227
f 28/30/28 221/252/221 222/253/222
f 28/30/28 222/253/222 223/264/223
f 29/265/29 228/266/228 225/260/225
f 223/254/223 225/260/225 228/266/228
f 225/261/225 227/263/227 29/267/29
f 229/268/229 31/33/31 30/32/30
f 32/36/32 229/269/229 30/34/30
f 229/269/229 32/36/32 230/270/230
f 57/63/57 231/271/231 58/64/58
f 232/272/232 233/273/233 40/44/40
f 54/274/54 234/275/234 232/272/232
f 234/276/234 54/59/54 55/61/55
f 235/277/235 63/69/63 62/68/62
f 69/75/69 236/278/236 237/279/237
f 69/75/69 234/276/234 236/278/236
f 55/61/55 236/278/236 234/276/234
f 238/280/238 239/281/239 240/282/240
f 238/280/238 240/282/240 241/283/241
f 241/283/241 242/284/242 238/280/238
f 241/283/241 243/285/243 84/90/84
f 84/90/84 243/285/243 244/286/244
f 84/90/84 244/286/244 245/287/245
f 98/105/98 85/91/85 88/288/88
f 119/130/119 103/112/103 104/113/104
f 246/289/246 104/113/104 94/101/94
f 94/101/94 107/116/107 246/289/246
f 105/114/105 246/289/246 107/116/107
f 247/290/247 122/133/122 121/132/121
f 122/133/122 247/290/247 120/131/120
f 122/133/122 104/113/104 126/137/126
f 125/136/125 126/137/126 108/118/108
f 248/291/248 127/138/127 125/136/125
f 127/138/127 248/291/248 128/292/128
f 129/140/129 128/139/128 248/293/248
f 125/136/125 108/118/108 248/291/248
f 249/294/249 250/295/250 251/296/251
f 249/294/249 251/296/251 252/297/252
f 253/298/253 254/299/254 255/300/255
f 255/300/255 256/301/256 253/298/253
f 257/302/257 255/300/255 254/299/254
f 254/299/254 258/303/258 257/302/257
f 259/304/259 260/305/260 261/306/261
f 149/307/149 262/308/262 263/309/263
f 149/161/149 263/310/263 264/311/264
f 264/311/264 152/164/152 149/161/149
f 152/164/152 265/312/265 150/162/150
f 266/313/266 260/305/260 262/308/262
f 266/313/266 261/306/261 260/305/260
f 267/314/267 256/301/256 268/315/268
f 268/316/268 255/317/255 269/318/269
f 268/315/268 256/301/256 255/300/255
f 266/319/266 269/318/269 255/317/255
f 255/317/255 270/320/270 266/319/266
f 262/308/262 269/321/269 266/313/266
f 146/158/146 271/322/271 272/323/272
f 273/324/273 146/158/146 272/323/272
f 144/156/144 146/158/146 273/324/273
f 274/325/274 275/326/275 276/327/276
f 192/215/192 277/328/277 278/329/278
f 278/329/278 277/328/277 279/330/279
f 280/331/280 279/332/279 281/333/281
f 280/331/280 282/334/282 279/332/279
f 280/335/280 283/336/283 284/337/284
f 182/199/182 285/338/285 286/339/286
f 287/340/287 182/199/182 286/339/286
f 288/341/288 285/338/285 289/342/289
f 285/338/285 182/199/182 289/342/289
f 289/342/289 182/199/182 184/201/184
f 289/343/289 184/213/184 290/344/290
f 195/218/195 183/200/183 291/345/291
f 287/340/287 183/200/183 182/199/182
f 198/223/198 188/226/188 189/210/189
f 188/346/188 190/347/190 189/348/189
f 189/210/189 183/200/183 198/223/198
f 186/211/186 188/226/188 292/349/292
f 293/350/293 278/351/278 282/352/282
f 294/353/294 295/354/295 296/355/296
f 297/356/297 295/354/295 298/357/298
f 295/354/295 294/353/294 298/357/298
f 299/358/299 294/359/294 300/360/300
f 299/361/299 298/357/298 294/353/294
f 301/362/301 302/363/302 303/364/303
f 301/362/301 303/364/303 304/365/304
f 303/364/303 305/366/305 304/365/304
f 306/367/306 307/368/307 308/369/308
f 309/370/309 307/368/307 306/367/306
f 5/371/5 310/372/310 311/373/311
f 312/374/312 313/375/313 314/376/314
f 313/375/313 312/374/312 315/377/315
f 316/378/316 317/379/317 318/380/318
f 21/381/21 319/382/319 320/383/320
f 317/379/317 316/378/316 321/384/321
f 321/384/321 322/385/322 317/379/317
f 322/385/322 321/384/321 323/386/323
f 214/243/214 314/387/314 324/388/324
f 324/388/324 216/245/216 214/243/214
f 325/389/325 17/19/17 326/390/326
f 327/391/327 17/19/17 325/389/325
f 18/20/18 328/392/328 19/21/19
f 18/20/18 329/393/329 328/392/328
f 19/21/19 328/392/328 219/250/219
f 35/39/35 326/390/326 330/394/330
f 331/395/331 330/394/330 22/24/22
f 332/396/332 333/397/333 334/398/334
f 332/396/332 334/398/334 335/399/335
f 336/400/336 337/401/337 338/402/338
f 339/403/339 327/391/327 340/404/340
f 341/405/341 336/400/336 342/406/342
f 41/45/41 340/404/340 42/46/42
f 42/46/42 34/38/34 45/49/45
f 45/49/45 34/38/34 33/37/33
f 58/64/58 343/407/343 344/408/344
f 231/271/231 343/407/343 58/64/58
f 344/409/344 345/410/345 346/411/346
f 345/410/345 343/412/343 341/413/341
f 345/410/345 344/409/344 343/412/343
f 77/83/77 347/414/347 56/62/56
f 56/62/56 348/415/348 78/84/78
f 348/416/348 349/417/349 350/418/350
f 349/417/349 351/419/351 350/418/350
f 240/420/240 351/419/351 352/421/352
f 350/418/350 351/419/351 240/420/240
f 115/125/115 113/123/113 353/422/353
f 118/129/118 354/423/354 103/112/103
f 353/422/353 81/87/81 115/125/115
f 115/125/115 81/87/81 355/424/355
f 118/129/118 355/425/355 354/423/354
f 356/426/356 110/120/110 111/121/111
f 356/426/356 111/121/111 357/427/357
f 356/426/356 357/427/357 358/428/358
f 359/429/359 360/430/360 361/431/361
f 362/432/362 360/430/360 359/429/359
f 359/429/359 361/431/361 363/433/363
f 140/152/140 364/434/364 365/435/365
f 366/436/366 365/435/365 364/434/364
f 130/141/130 142/154/142 366/437/366
f 367/438/367 368/439/368 250/295/250
f 368/439/368 251/296/251 250/295/250
f 369/440/369 370/441/370 368/439/368
f 371/442/371 372/443/372 373/444/373
f 374/445/374 375/446/375 376/447/376
f 374/445/374 377/448/377 375/446/375
f 13/449/13 378/450/378 379/451/379
f 380/452/380 381/453/381 382/454/382
f 380/452/380 9/455/9 381/453/381
f 380/456/380 382/457/382 383/458/383
f 310/372/310 380/459/380 311/373/311
f 380/456/380 383/458/383 311/460/311
f 311/460/311 383/458/383 384/461/384
f 311/462/311 384/463/384 385/464/385
f 386/465/386 381/453/381 9/455/9
f 2/2/2 387/466/387 388/467/388
f 3/3/3 2/2/2 388/467/388
f 14/468/14 389/469/389 388/470/388
f 220/251/220 4/4/4 6/6/6
f 318/380/318 7/7/7 315/377/315
f 315/377/315 7/7/7 313/375/313
f 7/471/7 9/455/9 313/472/313
f 7/7/7 318/380/318 317/379/317
f 317/379/317 10/10/10 7/7/7
f 10/10/10 317/379/317 11/11/11
f 322/385/322 11/11/11 317/379/317
f 320/383/320 15/17/15 327/391/327
f 14/468/14 11/11/11 322/385/322
f 327/391/327 15/17/15 17/19/17
f 23/25/23 17/19/17 16/18/16
f 220/473/220 217/474/217 390/475/390
f 38/42/38 22/24/22 391/476/391
f 391/476/391 392/477/392 38/42/38
f 35/39/35 331/395/331 36/40/36
f 37/41/37 331/395/331 22/24/22
f 37/41/37 22/24/22 38/42/38
f 392/477/392 40/44/40 38/42/38
f 393/478/393 40/44/40 392/477/392
f 392/477/392 221/252/221 393/478/393
f 394/479/394 395/480/395 396/481/396
f 397/482/397 396/481/396 395/480/395
f 398/483/398 397/482/397 399/484/399
f 343/407/343 396/481/396 341/485/341
f 345/486/345 341/405/341 342/406/342
f 345/410/345 342/487/342 43/47/43
f 86/92/86 111/121/111 87/93/87
f 357/488/357 92/99/92 400/489/400
f 401/490/401 400/491/400 402/492/402
f 403/493/403 404/494/404 405/495/405
f 403/493/403 406/496/406 407/497/407
f 405/495/405 404/494/404 408/498/408
f 408/499/408 409/500/409 410/501/410
f 411/502/411 408/499/408 410/501/410
f 411/502/411 410/501/410 136/148/136
f 412/503/412 413/504/413 414/505/414
f 414/505/414 415/506/415 416/507/416
f 417/508/417 418/509/418 419/510/419
f 420/511/420 418/509/418 417/508/417
f 254/299/254 253/298/253 421/512/421
f 422/513/422 273/324/273 423/514/423
f 424/515/424 425/516/425 377/448/377
f 426/517/426 427/518/427 428/519/428
f 427/520/427 426/521/426 296/522/296
f 295/354/295 275/523/275 296/355/296
f 429/524/429 430/525/430 431/526/431
f 429/524/429 295/354/295 302/363/302
f 297/356/297 302/363/302 295/354/295
f 432/527/432 433/528/433 286/339/286
f 286/339/286 433/528/433 291/345/291
f 291/345/291 287/340/287 286/339/286
f 434/529/434 290/344/290 435/530/435
f 436/531/436 435/530/435 290/344/290
f 290/344/290 192/215/192 436/531/436
f 436/531/436 192/215/192 293/532/293
f 9/455/9 8/533/8 386/465/386
f 324/534/324 437/535/437 216/246/216
f 9/455/9 324/534/324 313/472/313
f 219/250/219 311/536/311 438/537/438
f 219/250/219 6/6/6 311/536/311
f 326/390/326 23/25/23 330/394/330
f 330/394/330 23/25/23 22/24/22
f 224/258/224 439/538/439 226/259/226
f 333/539/333 440/540/440 441/541/441
f 333/539/333 441/541/441 442/542/442
f 333/397/333 442/543/442 334/398/334
f 329/544/329 334/398/334 442/543/442
f 329/544/329 218/545/218 328/546/328
f 35/39/35 330/394/330 331/395/331
f 232/272/232 40/44/40 393/478/393
f 53/547/53 393/478/393 31/33/31
f 229/269/229 51/58/51 53/57/53
f 49/53/49 443/548/443 50/54/50
f 444/549/444 49/53/49 51/55/51
f 230/550/230 444/549/444 51/55/51
f 74/80/74 445/551/445 39/43/39
f 348/415/348 56/62/56 446/552/446
f 346/411/346 348/416/348 446/553/446
f 349/417/349 346/411/346 447/554/447
f 348/416/348 346/411/346 349/417/349
f 349/417/349 447/554/447 351/419/351
f 351/419/351 447/554/447 448/555/448
f 351/419/351 448/555/448 352/421/352
f 240/420/240 352/421/352 449/556/449
f 243/557/243 240/420/240 449/556/449
f 450/558/450 451/559/451 452/560/452
f 453/561/453 450/558/450 452/560/452
f 235/277/235 454/562/454 71/77/71
f 77/83/77 56/62/56 78/84/78
f 80/86/80 78/84/78 348/415/348
f 80/563/80 348/416/348 350/418/350
f 454/564/454 455/565/455 456/566/456
f 457/567/457 456/566/456 455/565/455
f 94/101/94 103/112/103 95/102/95
f 99/106/99 107/116/107 93/100/93
f 107/116/107 94/101/94 93/100/93
f 410/501/410 247/290/247 121/132/121
f 120/131/120 247/290/247 458/568/458
f 458/569/458 459/570/459 112/122/112
f 112/122/112 460/571/460 458/569/458
f 117/127/117 458/568/458 460/572/460
f 458/568/458 117/127/117 120/131/120
f 461/573/461 410/501/410 409/500/409
f 462/574/462 405/575/405 411/502/411
f 462/574/462 411/502/411 136/148/136
f 405/575/405 408/499/408 411/502/411
f 414/505/414 413/504/413 415/506/415
f 463/576/463 464/577/464 465/578/465
f 465/578/465 466/579/466 463/576/463
f 466/580/466 249/294/249 467/581/467
f 369/440/369 468/582/468 166/180/166
f 468/582/468 469/583/469 166/180/166
f 167/181/167 166/180/166 170/184/170
f 166/180/166 469/583/469 170/184/170
f 168/182/168 369/440/369 166/180/166
f 170/184/170 470/584/470 145/157/145
f 145/157/145 147/159/147 170/184/170
f 471/585/471 257/586/257 472/587/472
f 472/587/472 473/588/473 471/585/471
f 257/586/257 471/585/471 261/589/261
f 471/590/471 259/304/259 261/306/261
f 474/591/474 475/592/475 476/593/476
f 474/594/474 477/595/477 478/596/478
f 476/593/476 161/173/161 163/175/163
f 163/175/163 474/591/474 476/593/476
f 477/595/477 474/594/474 163/176/163
f 164/178/164 477/595/477 163/176/163
f 478/597/478 477/598/477 479/599/479
f 480/600/480 481/601/481 148/602/148
f 149/307/149 148/602/148 481/601/481
f 480/603/480 148/160/148 482/604/482
f 156/168/156 148/160/148 151/163/151
f 482/604/482 148/160/148 156/168/156
f 481/601/481 269/321/269 149/307/149
f 155/167/155 154/166/154 173/187/173
f 483/605/483 484/606/484 485/607/485
f 483/605/483 180/197/180 484/606/484
f 185/202/185 191/212/191 277/608/277
f 181/198/181 191/212/191 185/202/185
f 185/214/185 277/328/277 192/215/192
f 300/360/300 486/609/486 487/610/487
f 300/360/300 487/610/487 488/611/488
f 488/611/488 489/612/489 300/360/300
f 489/612/489 488/611/488 490/613/490
f 224/258/224 212/614/212 439/538/439
f 212/241/212 491/615/491 439/616/439
f 441/617/441 492/618/492 312/374/312
f 213/619/213 441/617/441 312/374/312
f 314/376/314 213/619/213 312/374/312
f 312/374/312 492/618/492 315/377/315
f 492/618/492 318/380/318 315/377/315
f 18/20/18 21/23/21 338/402/338
f 21/381/21 320/383/320 327/391/327
f 326/390/326 17/19/17 23/25/23
f 213/619/213 314/376/314 214/620/214
f 19/21/19 219/250/219 438/537/438
f 394/621/394 493/622/493 395/623/395
f 493/622/493 440/540/440 395/623/395
f 399/484/399 395/480/395 333/397/333
f 395/623/395 440/540/440 333/539/333
f 341/405/341 398/624/398 336/400/336
f 341/485/341 397/482/397 398/483/398
f 445/551/445 494/625/494 37/41/37
f 448/555/448 447/554/447 43/47/43
f 352/421/352 448/555/448 44/48/44
f 449/556/449 352/421/352 44/48/44
f 495/626/495 449/556/449 44/48/44
f 496/627/496 495/626/495 47/51/47
f 497/628/497 498/629/498 76/82/76
f 66/72/66 498/630/498 69/75/69
f 499/631/499 66/72/66 68/74/68
f 499/631/499 75/632/75 66/72/66
f 500/633/500 81/87/81 79/85/79
f 355/634/355 500/635/500 239/636/239
f 355/425/355 239/281/239 354/423/354
f 354/423/354 242/284/242 95/102/95
f 95/102/95 242/284/242 93/100/93
f 460/571/460 112/122/112 114/124/114
f 114/124/114 116/126/116 460/571/460
f 117/127/117 460/572/460 116/128/116
f 501/637/501 359/429/359 363/433/363
f 502/638/502 501/637/501 363/433/363
f 503/639/503 501/637/501 502/638/502
f 501/637/501 503/639/503 504/640/504
f 503/639/503 502/638/502 505/641/505
f 506/642/506 504/640/504 503/639/503
f 413/504/413 407/497/407 415/506/415
f 467/581/467 249/294/249 252/297/252
f 506/642/506 467/581/467 252/297/252
f 506/642/506 252/297/252 507/643/507
f 508/644/508 412/503/412 414/505/414
f 508/644/508 509/645/509 412/503/412
f 510/646/510 418/647/418 511/648/511
f 510/649/510 512/650/512 419/510/419
f 510/649/510 419/510/419 418/509/418
f 513/651/513 514/652/514 515/653/515
f 515/653/515 417/508/417 512/650/512
f 512/650/512 513/651/513 515/653/515
f 512/650/512 417/508/417 419/510/419
f 420/654/420 372/655/372 418/647/418
f 258/656/258 254/657/254 516/658/516
f 258/656/258 516/658/516 517/659/517
f 260/305/260 516/660/516 518/661/518
f 517/662/517 516/660/516 260/305/260
f 260/305/260 259/304/259 517/662/517
f 264/311/264 519/663/519 520/664/520
f 262/308/262 260/305/260 263/309/263
f 260/305/260 518/661/518 263/309/263
f 518/665/518 521/666/521 263/310/263
f 263/310/263 521/666/521 519/663/519
f 519/663/519 264/311/264 263/310/263
f 517/659/517 473/667/473 258/656/258
f 259/304/259 522/668/522 517/662/517
f 517/659/517 523/669/523 473/667/473
f 517/659/517 524/670/524 523/669/523
f 522/668/522 524/671/524 517/662/517
f 414/505/414 416/507/416 525/672/525
f 525/672/525 523/673/523 414/505/414
f 522/674/522 526/675/526 524/676/524
f 264/311/264 520/664/520 265/312/265
f 475/592/475 265/312/265 476/593/476
f 527/677/527 528/678/528 529/679/529
f 530/680/530 528/678/528 527/677/527
f 531/681/531 527/682/527 529/683/529
f 529/683/529 470/584/470 531/681/531
f 423/684/423 532/685/532 533/686/533
f 534/687/534 422/513/422 376/447/376
f 275/326/275 274/325/274 427/520/427
f 427/520/427 296/522/296 275/326/275
f 295/354/295 429/524/429 275/523/275
f 429/524/429 431/526/431 275/523/275
f 431/688/431 276/689/276 275/690/275
f 429/524/429 535/691/535 430/525/430
f 302/363/302 535/691/535 429/524/429
f 433/692/433 432/693/432 536/694/536
f 432/527/432 286/339/286 288/341/288
f 285/338/285 288/341/288 286/339/286
f 193/216/193 291/345/291 433/528/433
f 434/529/434 288/695/288 289/343/289
f 290/344/290 434/529/434 289/343/289
f 193/216/193 195/218/195 291/345/291
f 287/340/287 291/345/291 183/200/183
f 192/215/192 290/344/290 184/213/184
f 192/215/192 278/329/278 293/532/293
f 537/696/537 538/697/538 539/698/539
f 540/699/540 539/698/539 538/697/538
f 541/700/541 542/701/542 543/702/543
f 544/703/544 545/704/545 546/705/546
f 546/705/546 541/700/541 547/706/547
f 490/613/490 488/611/488 548/707/548
f 548/707/548 549/708/549 490/613/490
f 550/709/550 551/710/551 552/711/552
f 553/712/553 552/711/552 204/232/204
f 549/708/549 554/713/554 555/714/555
f 554/713/554 556/715/556 555/714/555
f 204/232/204 203/231/203 309/370/309
f 307/368/307 557/716/557 558/717/558
f 307/718/307 201/228/201 557/719/557
f 203/230/203 201/228/201 307/718/307
f 307/368/307 558/717/558 308/369/308
f 203/231/203 307/368/307 309/370/309
f 437/535/437 324/534/324 9/455/9
f 6/6/6 5/5/5 311/536/311
f 438/720/438 319/382/319 21/381/21
f 559/721/559 318/380/318 492/618/492
f 316/378/316 318/380/318 559/721/559
f 559/721/559 560/722/560 316/378/316
f 321/384/321 316/378/316 560/722/560
f 34/38/34 325/389/325 326/390/326
f 36/40/36 331/395/331 494/625/494
f 51/58/51 229/269/229 230/270/230
f 53/547/53 31/33/31 229/268/229
f 76/82/76 498/629/498 75/81/75
f 104/113/104 122/133/122 119/130/119
f 122/133/122 120/131/120 119/130/119
f 248/291/248 108/118/108 106/115/106
f 248/293/248 106/117/106 129/140/129
f 246/289/246 126/137/126 104/113/104
f 126/137/126 246/289/246 108/118/108
f 108/118/108 246/289/246 105/114/105
f 501/637/501 504/640/504 561/723/561
f 562/724/562 134/146/134 133/145/133
f 563/725/563 373/726/373 420/654/420
f 142/727/142 564/728/564 565/729/565
f 249/294/249 466/580/466 465/730/465
f 250/295/250 249/294/249 465/730/465
f 258/303/258 473/731/473 472/732/472
f 522/733/522 473/588/473 523/734/523
f 473/588/473 522/733/522 471/585/471
f 259/304/259 471/590/471 522/668/522
f 522/733/522 523/734/523 525/735/525
f 522/674/522 525/736/525 526/675/526
f 152/164/152 264/311/264 265/312/265
f 477/598/477 566/737/566 479/599/479
f 477/598/477 164/738/164 566/737/566
f 567/739/567 568/740/568 569/741/569
f 568/740/568 567/739/567 570/742/570
f 571/743/571 533/744/533 572/745/572
f 573/746/573 571/743/571 572/745/572
f 490/613/490 574/747/574 575/748/575
f 490/613/490 549/708/549 574/747/574
f 200/749/200 575/750/575 574/751/574
f 576/752/576 574/747/574 549/708/549
f 577/753/577 200/227/200 551/754/551
f 200/749/200 577/755/577 575/750/575
f 200/227/200 578/756/578 551/754/551
f 550/757/550 577/755/577 551/758/551
f 201/759/201 200/749/200 574/751/574
f 200/227/200 202/229/202 578/756/578
f 552/711/552 551/710/551 578/760/578
f 204/232/204 578/760/578 202/233/202
f 204/232/204 552/711/552 578/760/578
f 549/708/549 555/714/555 576/752/576
f 555/714/555 579/761/579 576/752/576
f 557/716/557 201/762/201 576/763/576
f 201/762/201 574/764/574 576/763/576
f 576/763/576 579/765/579 557/716/557
f 555/714/555 556/715/556 579/761/579
f 558/717/558 557/716/557 579/765/579
f 556/715/556 580/766/580 579/761/579
f 579/765/579 580/767/580 558/717/558
f 306/367/306 581/768/581 582/769/582
f 582/769/582 581/768/581 583/770/583
f 582/769/582 583/770/583 584/771/584
f 584/771/584 547/706/547 585/772/585
f 553/712/553 204/232/204 586/773/586
f 204/232/204 309/370/309 586/773/586
f 35/39/35 34/38/34 326/390/326
f 587/774/587 32/775/32 227/263/227
f 398/483/398 399/484/399 335/399/335
f 47/51/47 36/40/36 494/625/494
f 54/274/54 232/272/232 52/776/52
f 232/272/232 393/478/393 52/776/52
f 393/478/393 53/547/53 52/776/52
f 54/59/54 52/56/52 48/60/48
f 52/56/52 51/58/51 48/60/48
f 76/82/76 74/80/74 233/273/233
f 90/97/90 89/96/89 450/558/450
f 453/561/453 588/777/588 73/79/73
f 100/107/100 93/100/93 241/283/241
f 100/107/100 241/283/241 84/90/84
f 83/89/83 100/107/100 84/90/84
f 83/89/83 85/91/85 98/105/98
f 87/93/87 98/109/98 88/94/88
f 589/778/589 72/78/72 590/779/590
f 75/81/75 590/779/590 72/78/72
f 590/780/590 75/632/75 499/631/499
f 357/488/357 86/95/86 92/99/92
f 91/98/91 400/489/400 92/99/92
f 400/489/400 91/98/91 589/778/589
f 400/491/400 589/781/589 402/492/402
f 563/725/563 591/782/591 592/783/592
f 591/782/591 142/154/142 592/783/592
f 592/784/592 142/727/142 565/729/565
f 167/181/167 169/183/169 165/179/165
f 593/785/593 168/182/168 165/179/165
f 172/186/172 171/185/171 534/687/534
f 178/786/178 594/787/594 595/788/595
f 596/789/596 178/786/178 595/788/595
f 597/790/597 178/195/178 596/791/596
f 179/196/179 178/195/178 597/790/597
f 596/789/596 595/788/595 598/792/598
f 596/791/596 598/793/598 597/790/597
f 599/794/599 594/787/594 178/786/178
f 180/197/180 599/795/599 178/195/178
f 600/796/600 186/211/186 601/797/601
f 186/211/186 600/796/600 191/212/191
f 191/212/191 600/796/600 277/608/277
f 279/332/279 277/608/277 600/796/600
f 602/798/602 603/799/603 601/797/601
f 603/799/603 485/607/485 484/606/484
f 484/606/484 604/800/604 603/799/603
f 283/801/283 280/331/280 281/333/281
f 198/223/198 183/200/183 195/218/195
f 199/225/199 292/349/292 188/226/188
f 433/528/433 605/802/605 606/803/606
f 193/216/193 433/528/433 606/803/606
f 606/804/606 196/220/196 193/805/193
f 193/805/193 196/220/196 194/219/194
f 536/694/536 607/806/607 605/807/605
f 608/808/608 607/806/607 536/694/536
f 432/693/432 608/808/608 536/694/536
f 605/802/605 433/528/433 536/809/536
f 288/810/288 543/811/543 542/812/542
f 542/813/542 432/527/432 288/341/288
f 16/18/16 609/814/609 24/26/24
f 207/236/207 388/470/388 26/28/26
f 221/252/221 28/30/28 31/33/31
f 29/267/29 227/263/227 32/775/32
f 497/628/497 76/82/76 233/273/233
f 497/628/497 233/273/233 232/272/232
f 497/628/497 234/275/234 498/629/498
f 69/75/69 498/630/498 234/276/234
f 497/628/497 232/272/232 234/275/234
f 610/815/610 611/816/611 612/817/612
f 610/815/610 613/818/613 611/816/611
f 611/816/611 613/818/613 614/819/614
f 615/820/615 611/816/611 614/819/614
f 137/149/137 121/132/121 124/135/124
f 506/642/506 616/821/616 504/640/504
f 617/822/617 416/507/416 406/496/406
f 618/823/618 617/822/617 406/496/406
f 405/575/405 462/574/462 618/824/618
f 421/512/421 412/503/412 509/645/509
f 567/739/567 619/825/619 153/165/153
f 570/742/570 155/167/155 620/826/620
f 620/826/620 173/187/173 621/827/621
f 621/827/621 173/187/173 174/188/174
f 621/828/621 174/189/174 176/192/176
f 621/827/621 570/742/570 620/826/620
f 621/827/621 622/829/622 570/742/570
f 188/205/188 187/204/187 190/830/190
f 278/831/278 279/332/279 282/334/282
f 608/808/608 432/693/432 542/832/542
f 16/18/16 623/833/623 624/834/624
f 609/814/609 16/18/16 624/834/624
f 388/467/388 378/835/378 14/15/14
f 388/467/388 387/466/387 378/835/378
f 625/836/625 1/1/1 3/3/3
f 625/837/625 626/838/626 1/839/1
f 205/234/205 208/237/208 206/235/206
f 391/476/391 211/240/211 392/477/392
f 392/477/392 211/240/211 210/239/210
f 627/840/627 441/541/441 440/540/440
f 33/37/33 36/40/36 47/51/47
f 445/551/445 37/41/37 39/43/39
f 448/555/448 43/47/43 42/46/42
f 47/51/47 44/48/44 46/50/46
f 236/841/236 55/842/55 628/843/628
f 55/842/55 48/52/48 628/843/628
f 88/94/88 89/844/89 86/92/86
f 90/97/90 453/561/453 91/98/91
f 91/98/91 453/561/453 73/79/73
f 612/817/612 456/845/456 457/846/457
f 456/845/456 612/817/612 629/847/629
f 629/847/629 612/817/612 611/816/611
f 630/848/630 70/76/70 629/847/629
f 629/847/629 631/849/631 630/848/630
f 632/850/632 612/817/612 457/846/457
f 589/781/589 590/851/590 402/492/402
f 107/116/107 99/106/99 97/104/97
f 101/110/101 87/93/87 111/121/111
f 109/119/109 129/140/129 106/117/106
f 109/119/109 102/111/102 132/143/132
f 110/120/110 132/143/132 102/111/102
f 633/852/633 634/853/634 635/854/635
f 136/148/136 410/501/410 137/149/137
f 137/149/137 410/501/410 121/132/121
f 636/855/636 139/151/139 137/149/137
f 124/135/124 636/855/636 137/149/137
f 127/138/127 364/434/364 636/855/636
f 636/855/636 124/135/124 127/138/127
f 364/434/364 127/138/127 366/436/366
f 366/436/366 127/138/127 128/292/128
f 130/141/130 366/437/366 128/139/128
f 637/856/637 633/852/633 638/857/638
f 637/856/637 409/858/409 633/852/633
f 409/500/409 637/859/637 461/573/461
f 637/859/637 459/860/459 461/573/461
f 458/568/458 461/573/461 459/860/459
f 465/578/465 464/577/464 527/677/527
f 530/680/530 527/677/527 464/577/464
f 250/295/250 465/730/465 527/682/527
f 527/682/527 367/438/367 250/295/250
f 161/173/161 372/655/372 162/174/162
f 372/655/372 420/654/420 373/726/373
f 529/679/529 528/678/528 271/861/271
f 529/683/529 146/158/146 470/584/470
f 146/158/146 145/157/145 470/584/470
f 270/320/270 255/317/255 257/586/257
f 266/319/266 270/320/270 261/589/261
f 257/302/257 258/303/258 472/732/472
f 261/589/261 270/320/270 257/586/257
f 262/308/262 149/307/149 269/321/269
f 422/513/422 534/687/534 171/185/171
f 604/800/604 639/862/639 640/863/640
f 604/800/604 484/606/484 639/862/639
f 484/606/484 569/741/569 639/862/639
f 639/862/639 568/740/568 283/801/283
f 283/801/283 640/863/640 639/862/639
f 639/862/639 569/741/569 568/740/568
f 567/739/567 484/606/484 619/825/619
f 569/741/569 484/606/484 567/739/567
f 283/801/283 568/740/568 622/829/622
f 568/740/568 570/742/570 622/829/622
f 641/864/641 573/746/573 642/865/642
f 424/515/424 374/445/374 641/864/641
f 642/866/642 573/867/573 643/868/643
f 424/515/424 641/864/641 644/869/644
f 645/870/645 424/871/424 644/872/644
f 274/325/274 646/873/646 427/520/427
f 644/872/644 647/874/647 648/875/648
f 276/876/276 648/875/648 274/877/274
f 648/875/648 647/874/647 274/877/274
f 649/878/649 535/691/535 301/362/301
f 302/363/302 301/362/301 535/691/535
f 322/385/322 389/469/389 14/468/14
f 16/18/16 24/26/24 23/25/23
f 388/470/388 389/469/389 26/28/26
f 209/238/209 207/236/207 206/235/206
f 20/879/650 324/880/324 314/376/314
f 20/879/650 314/376/314 313/375/313
f 20/881/650 313/472/313 324/534/324
f 20/22/20 19/21/19 324/882/651
f 19/21/19 438/537/438 324/882/651
f 20/22/20 324/882/651 438/537/438
f 21/23/21 20/22/20 438/537/438
f 323/386/323 389/469/389 322/385/322
f 389/469/389 323/386/323 27/29/27
f 27/29/27 26/28/26 389/469/389
f 207/236/207 26/28/26 25/27/25
f 218/883/218 217/474/217 220/473/220
f 219/250/219 218/884/218 220/251/220
f 441/617/441 627/885/627 492/618/492
f 337/401/337 18/20/18 338/402/338
f 21/23/21 339/886/339 338/402/338
f 399/484/399 332/396/332 335/399/335
f 342/406/342 336/400/336 338/402/338
f 342/406/342 338/402/338 339/886/339
f 340/404/340 342/487/342 339/403/339
f 344/408/344 446/552/446 58/64/58
f 346/411/346 446/553/446 344/409/344
f 447/554/447 346/411/346 345/410/345
f 345/410/345 43/47/43 447/554/447
f 56/62/56 58/64/58 446/552/446
f 650/887/652 651/888/653 652/889/654
f 357/427/357 111/121/111 86/92/86
f 358/890/358 357/891/357 401/490/401
f 358/890/358 401/490/401 653/892/655
f 400/491/400 401/490/401 357/891/357
f 112/122/112 654/893/656 113/123/113
f 654/893/656 655/894/657 113/123/113
f 656/895/658 362/432/362 561/723/561
f 561/723/561 362/432/362 501/637/501
f 657/896/659 561/723/561 658/897/660
f 361/431/361 659/898/661 363/433/363
f 502/638/502 363/433/363 659/898/661
f 659/898/661 505/641/505 502/638/502
f 368/439/368 252/297/252 251/296/251
f 368/439/368 370/441/370 252/297/252
f 252/297/252 370/441/370 507/643/507
f 416/507/416 617/822/617 525/672/525
f 525/736/525 617/899/617 660/900/662
f 526/675/526 525/736/525 661/901/663
f 661/901/663 525/736/525 660/900/662
f 531/681/531 367/438/367 527/682/527
f 151/163/151 150/162/150 158/170/158
f 158/170/158 150/162/150 265/312/265
f 475/592/475 159/171/159 265/312/265
f 159/171/159 158/170/158 265/312/265
f 529/683/529 271/322/271 146/158/146
f 171/185/171 147/159/147 144/156/144
f 480/902/480 662/903/664 663/904/665
f 597/790/597 482/604/482 664/905/666
f 156/168/156 664/905/666 482/604/482
f 598/793/598 482/604/482 597/790/597
f 480/603/480 482/604/482 598/793/598
f 480/600/480 665/906/667 481/601/481
f 663/904/665 666/907/668 481/908/481
f 662/903/664 666/907/668 663/904/665
f 666/907/668 267/314/267 481/908/481
f 267/314/267 268/315/268 481/908/481
f 268/316/268 269/318/269 481/909/481
f 567/739/567 153/165/153 155/167/155
f 155/167/155 570/742/570 567/739/567
f 155/167/155 173/187/173 620/826/620
f 153/165/153 664/905/666 156/168/156
f 664/905/666 619/825/619 179/196/179
f 619/825/619 664/905/666 153/165/153
f 179/196/179 597/790/597 664/905/666
f 480/910/480 663/911/665 665/912/667
f 665/913/667 663/904/665 481/908/481
f 483/605/483 599/795/599 180/197/180
f 667/914/669 668/915/670 669/916/671
f 669/916/671 603/799/603 602/798/602
f 485/607/485 603/799/603 669/916/671
f 483/605/483 485/607/485 669/916/671
f 483/605/483 668/915/670 599/795/599
f 222/255/222 212/917/212 224/256/224
f 222/253/222 210/239/210 212/241/212
f 441/541/441 213/242/213 442/542/442
f 442/543/442 215/918/215 329/544/329
f 213/242/213 215/244/215 442/542/442
f 218/545/218 329/544/329 215/918/215
f 335/399/335 334/398/334 329/544/329
f 451/559/451 449/556/449 495/626/495
f 451/559/451 495/626/495 496/627/496
f 451/559/451 670/919/672 452/560/452
f 451/559/451 496/627/496 670/919/672
f 452/560/452 670/919/672 671/920/673
f 73/79/73 445/551/445 74/80/74
f 66/72/66 75/632/75 498/630/498
f 614/819/614 613/818/613 672/921/674
f 613/818/613 673/922/675 672/921/674
f 133/145/133 358/890/358 653/892/655
f 674/923/676 133/145/133 653/892/655
f 675/924/677 661/901/663 676/925/678
f 676/925/678 677/926/679 675/924/677
f 677/926/679 138/150/138 675/924/677
f 661/901/663 675/924/677 678/927/680
f 676/925/678 679/928/681 677/926/679
f 563/725/563 420/654/420 591/782/591
f 679/928/681 462/574/462 677/926/679
f 371/442/371 162/177/162 372/443/372
f 164/738/164 680/929/682 566/737/566
f 164/178/164 162/177/162 680/930/682
f 680/930/682 162/177/162 371/442/371
f 160/172/160 173/187/173 154/166/154
f 177/194/177 160/172/160 159/171/159
f 177/194/177 475/592/475 474/591/474
f 159/171/159 475/592/475 177/194/177
f 177/931/177 474/594/474 478/596/478
f 272/932/272 532/685/532 423/684/423
f 273/324/273 272/323/272 423/514/423
f 422/513/422 144/156/144 273/324/273
f 171/185/171 144/156/144 422/513/422
f 375/446/375 534/687/534 376/447/376
f 376/447/376 571/743/571 374/445/374
f 571/743/571 641/864/641 374/445/374
f 641/864/641 642/865/642 644/869/644
f 644/872/644 642/933/642 681/934/683
f 643/868/643 682/935/684 642/866/642
f 646/873/646 682/935/684 643/868/643
f 646/873/646 274/325/274 682/935/684
f 642/866/642 682/935/684 681/936/683
f 647/874/647 681/934/683 682/937/684
f 647/874/647 644/872/644 681/934/683
f 647/874/647 682/937/684 274/877/274
f 683/938/685 684/939/686 425/516/425
f 425/516/425 685/940/687 683/938/685
f 649/878/649 683/938/685 685/940/687
f 686/941/688 577/755/577 550/757/550
f 687/942/689 686/941/688 550/757/550
f 3/3/3 388/467/388 207/943/207
f 207/943/207 209/944/209 3/3/3
f 688/945/690 390/946/390 217/247/217
f 216/246/216 688/945/690 217/247/217
f 437/535/437 688/945/690 216/246/216
f 390/475/390 4/947/4 220/473/220
f 205/234/205 207/236/207 25/27/25
f 328/392/328 218/884/218 219/250/219
f 339/403/339 21/381/21 327/391/327
f 340/404/340 327/391/327 325/389/325
f 28/30/28 223/264/223 228/948/228
f 28/30/28 228/948/228 29/31/29
f 444/549/444 230/550/230 587/774/587
f 230/550/230 32/775/32 587/774/587
f 628/843/628 48/52/48 50/54/50
f 671/920/673 670/919/672 496/627/496
f 452/560/452 671/920/673 588/777/588
f 588/777/588 671/920/673 494/625/494
f 445/551/445 588/777/588 494/625/494
f 689/949/691 449/556/449 451/559/451
f 588/777/588 453/561/453 452/560/452
f 77/83/77 82/88/82 347/414/347
f 454/562/454 456/845/456 71/77/71
f 71/77/71 456/845/456 629/847/629
f 70/76/70 71/77/71 629/847/629
f 81/87/81 77/83/77 79/85/79
f 79/85/79 80/86/80 500/633/500
f 500/635/500 80/563/80 350/418/350
f 354/423/354 239/281/239 238/280/238
f 242/284/242 354/423/354 238/280/238
f 93/100/93 242/284/242 241/283/241
f 500/635/500 350/418/350 239/636/239
f 589/778/589 91/98/91 72/78/72
f 91/98/91 73/79/73 72/78/72
f 650/887/652 632/950/632 690/951/692
f 610/815/610 632/850/632 650/952/652
f 690/951/692 651/888/653 650/887/652
f 119/130/119 117/127/117 118/129/118
f 103/112/103 119/130/119 118/129/118
f 116/128/116 355/425/355 118/129/118
f 115/125/115 355/424/355 116/126/116
f 613/818/613 610/815/610 673/922/675
f 656/895/658 673/922/675 360/430/360
f 362/432/362 656/895/658 360/430/360
f 673/922/675 656/895/658 657/896/659
f 672/921/674 673/922/675 657/896/659
f 672/921/674 657/896/659 658/897/660
f 561/723/561 657/896/659 656/895/658
f 132/143/132 110/120/110 135/953/135
f 135/953/135 110/120/110 356/426/356
f 135/953/135 356/426/356 358/428/358
f 358/890/358 133/145/133 135/147/135
f 674/923/676 562/724/562 133/145/133
f 143/155/143 131/142/131 132/143/132
f 143/954/143 132/144/132 134/146/134
f 404/494/404 403/493/403 691/955/693
f 634/853/634 633/852/633 404/494/404
f 409/858/409 408/498/408 633/852/633
f 408/498/408 404/494/404 633/852/633
f 691/955/693 634/853/634 404/494/404
f 138/150/138 140/152/140 675/924/677
f 140/152/140 365/435/365 692/956/694
f 692/957/694 365/958/365 591/782/591
f 366/437/366 591/782/591 365/958/365
f 677/926/679 136/148/136 138/150/138
f 139/151/139 364/434/364 140/152/140
f 139/151/139 636/855/636 364/434/364
f 142/154/142 591/782/591 366/437/366
f 463/576/463 466/579/466 659/959/661
f 415/506/415 407/497/407 406/496/406
f 406/496/406 416/507/416 415/506/415
f 618/823/618 406/496/406 403/493/403
f 618/823/618 403/493/403 405/495/405
f 511/648/511 418/647/418 161/173/161
f 418/647/418 372/655/372 161/173/161
f 526/675/526 661/901/663 514/652/514
f 661/901/663 678/927/680 514/652/514
f 661/901/663 660/900/662 676/925/678
f 660/900/662 618/824/618 679/928/681
f 660/900/662 617/899/617 618/824/618
f 660/900/662 679/928/681 676/925/678
f 679/928/681 618/824/618 462/574/462
f 678/927/680 515/653/515 514/652/514
f 692/956/694 515/653/515 678/927/680
f 417/508/417 515/653/515 692/956/694
f 678/927/680 675/924/677 692/956/694
f 172/186/172 534/687/534 693/960/695
f 375/446/375 693/960/695 534/687/534
f 693/960/695 375/446/375 593/785/593
f 694/961/696 428/519/428 427/518/427
f 646/873/646 694/962/696 427/520/427
f 541/700/541 695/963/697 547/706/547
f 541/700/541 543/702/543 695/963/697
f 543/702/543 288/695/288 695/963/697
f 695/963/697 288/695/288 434/529/434
f 426/521/426 486/609/486 296/522/296
f 486/609/486 294/359/294 296/522/296
f 486/609/486 300/360/300 294/359/294
f 303/364/303 302/363/302 297/356/297
f 297/356/297 298/357/298 303/364/303
f 575/748/575 489/612/489 490/613/490
f 625/836/625 3/3/3 209/944/209
f 696/964/698 626/965/626 697/966/699
f 491/967/491 697/968/699 625/969/625
f 697/970/699 626/838/626 625/837/625
f 392/477/392 210/239/210 221/252/221
f 333/397/333 332/396/332 399/484/399
f 337/401/337 336/400/336 335/971/335
f 399/484/399 397/482/397 395/480/395
f 343/407/343 231/271/231 394/479/394
f 394/479/394 396/481/396 343/407/343
f 396/481/396 397/482/397 341/485/341
f 342/487/342 41/45/41 43/47/43
f 73/79/73 588/777/588 445/551/445
f 360/430/360 652/972/654 361/431/361
f 360/430/360 650/952/652 652/972/654
f 650/952/652 360/430/360 673/922/675
f 673/922/675 610/815/610 650/952/652
f 417/508/417 692/956/694 420/511/420
f 692/957/694 591/782/591 420/654/420
f 675/924/677 140/152/140 692/956/694
f 462/574/462 136/148/136 677/926/679
f 516/973/516 421/512/421 509/645/509
f 516/973/516 254/299/254 421/512/421
f 518/665/518 509/974/509 521/666/521
f 518/665/518 516/975/516 509/974/509
f 511/648/511 520/664/520 519/663/519
f 523/673/523 508/644/508 414/505/414
f 517/976/700 508/977/701 258/978/702
f 509/645/509 508/644/508 517/979/703
f 517/980/703 508/981/508 698/982/704
f 517/980/703 698/982/704 509/974/509
f 698/982/704 521/666/521 509/974/509
f 524/983/524 698/982/704 523/984/523
f 698/982/704 508/981/508 523/984/523
f 524/983/524 699/985/705 698/982/704
f 524/676/524 514/652/514 699/986/705
f 514/652/514 524/676/524 526/675/526
f 521/666/521 698/982/704 699/985/705
f 521/666/521 699/985/705 510/646/510
f 510/646/510 519/663/519 521/666/521
f 513/651/513 510/649/510 699/986/705
f 510/646/510 511/648/511 519/663/519
f 512/650/512 510/649/510 513/651/513
f 699/986/705 514/652/514 513/651/513
f 265/312/265 520/664/520 476/593/476
f 520/664/520 511/648/511 476/593/476
f 161/173/161 476/593/476 511/648/511
f 169/183/169 147/159/147 693/960/695
f 593/785/593 165/179/165 693/960/695
f 165/179/165 169/183/169 693/960/695
f 693/960/695 147/159/147 172/186/172
f 180/197/180 619/825/619 484/606/484
f 179/196/179 619/825/619 180/197/180
f 604/800/604 600/796/600 601/797/601
f 601/797/601 603/799/603 604/800/604
f 600/796/600 604/800/604 640/863/640
f 279/332/279 600/796/600 640/863/640
f 279/332/279 640/863/640 281/333/281
f 640/863/640 283/801/283 281/333/281
f 284/337/284 283/336/283 622/987/622
f 298/357/298 299/361/299 700/988/706
f 299/361/299 300/989/300 700/988/706
f 298/357/298 700/988/706 303/364/303
f 305/366/305 303/364/303 700/988/706
f 700/988/706 489/990/489 701/991/707
f 300/989/300 489/990/489 700/988/706
f 577/755/577 701/991/707 575/750/575
f 701/991/707 489/990/489 575/750/575
f 702/992/708 703/993/709 386/994/386
f 704/995/710 703/993/709 702/992/708
f 702/992/708 705/996/711 704/995/710
f 688/945/690 437/535/437 706/997/712
f 211/240/211 696/964/698 697/966/699
f 209/238/209 208/237/208 625/969/625
f 211/240/211 697/966/699 212/241/212
f 697/966/699 491/615/491 212/241/212
f 439/538/439 625/969/625 208/237/208
f 491/967/491 625/969/625 439/538/439
f 391/476/391 22/24/22 24/26/24
f 41/45/41 342/487/342 340/404/340
f 398/624/398 335/971/335 336/400/336
f 340/404/340 34/38/34 42/46/42
f 340/404/340 325/389/325 34/38/34
f 393/478/393 221/252/221 31/33/31
f 448/555/448 42/46/42 44/48/44
f 495/626/495 44/48/44 47/51/47
f 496/627/496 494/625/494 671/920/673
f 496/627/496 47/51/47 494/625/494
f 92/99/92 86/95/86 90/97/90
f 610/815/610 612/817/612 632/850/632
f 501/637/501 362/432/362 359/429/359
f 504/640/504 658/897/660 561/723/561
f 616/821/616 658/897/660 504/640/504
f 461/573/461 247/290/247 410/501/410
f 461/573/461 458/568/458 247/290/247
f 466/580/466 467/581/467 505/641/505
f 503/639/503 505/641/505 467/581/467
f 506/642/506 503/639/503 467/581/467
f 571/743/571 423/514/423 533/744/533
f 376/447/376 423/514/423 571/743/571
f 376/447/376 422/513/422 423/514/423
f 641/864/641 571/743/571 573/746/573
f 601/797/601 292/349/292 667/914/669
f 667/914/669 602/798/602 601/797/601
f 602/798/602 667/914/669 669/916/671
f 669/916/671 668/915/670 483/605/483
f 186/211/186 292/349/292 601/797/601
f 686/941/688 305/366/305 700/988/706
f 687/942/689 305/366/305 686/941/688
f 686/941/688 700/988/706 701/991/707
f 577/755/577 686/941/688 701/991/707
f 707/998/713 708/999/714 319/382/319
f 8/533/8 12/1000/12 386/465/386
f 12/1000/12 702/1001/708 386/465/386
f 319/382/319 708/999/714 623/833/623
f 623/833/623 320/383/320 319/382/319
f 13/13/13 14/15/14 378/835/378
f 437/535/437 9/455/9 380/452/380
f 380/452/380 706/997/712 437/535/437
f 706/997/712 380/452/380 310/1002/310
f 311/536/311 385/1003/385 438/537/438
f 438/720/438 385/464/385 319/382/319
f 385/464/385 707/998/713 319/382/319
f 10/10/10 12/12/12 8/8/8
f 15/17/15 623/833/623 16/18/16
f 15/17/15 320/383/320 623/833/623
f 705/1004/711 702/1001/708 12/1000/12
f 12/1005/12 13/1006/13 705/996/711
f 335/971/335 18/20/18 337/401/337
f 335/971/335 329/393/329 18/20/18
f 37/41/37 494/625/494 331/395/331
f 233/273/233 74/80/74 39/43/39
f 233/273/233 39/43/39 40/44/40
f 63/69/63 235/277/235 71/77/71
f 63/69/63 71/77/71 59/65/59
f 65/71/65 59/65/59 71/77/71
f 243/557/243 449/556/449 689/949/691
f 689/1007/691 244/286/244 243/285/243
f 450/558/450 689/949/691 451/559/451
f 450/1008/450 244/286/244 689/1007/691
f 90/97/90 450/558/450 453/561/453
f 239/636/239 350/418/350 240/420/240
f 243/285/243 241/283/241 240/282/240
f 245/287/245 85/91/85 84/90/84
f 89/1009/89 88/288/88 245/287/245
f 88/288/88 85/91/85 245/287/245
f 244/286/244 450/1008/450 245/287/245
f 245/1010/245 450/558/450 89/96/89
f 631/849/631 629/847/629 611/816/611
f 615/820/615 631/849/631 611/816/611
f 103/112/103 354/423/354 95/102/95
f 355/424/355 81/87/81 500/633/500
f 638/857/638 633/852/633 635/854/635
f 459/1011/459 637/856/637 654/1012/656
f 637/856/637 638/857/638 654/1012/656
f 459/570/459 654/893/656 112/122/112
f 466/580/466 505/641/505 659/898/661
f 142/154/142 141/153/141 564/1013/564
f 468/582/468 368/439/368 367/438/367
f 367/438/367 469/583/469 468/582/468
f 367/438/367 531/681/531 469/583/469
f 369/440/369 368/439/368 468/582/468
f 709/1014/715 370/441/370 369/440/369
f 531/681/531 470/584/470 469/583/469
f 170/184/170 469/583/469 470/584/470
f 168/182/168 709/1014/715 369/440/369
f 377/448/377 374/445/374 424/515/424
f 425/516/425 684/939/686 377/448/377
f 643/868/643 572/1015/572 694/962/696
f 573/867/573 572/1015/572 643/868/643
f 424/515/424 645/1016/645 425/516/425
f 425/516/425 645/1016/645 685/940/687
f 646/873/646 643/868/643 694/962/696
f 644/872/644 648/875/648 645/870/645
f 431/1017/431 645/870/645 648/875/648
f 431/526/431 685/940/687 645/1016/645
f 648/875/648 276/876/276 431/1017/431
f 430/525/430 685/940/687 431/526/431
f 649/878/649 685/940/687 430/525/430
f 535/691/535 649/878/649 430/525/430
f 292/1018/292 199/224/199 710/1019/716
f 710/1019/716 667/1020/669 292/1018/292
f 556/1021/556 711/1022/717 580/1023/580
f 556/1021/556 712/1024/718 711/1022/717
f 537/696/537 711/1022/717 712/1024/718
f 580/767/580 711/1025/717 558/717/558
f 558/717/558 711/1025/717 713/1026/719
f 713/1026/719 711/1025/717 537/1027/537
f 712/1024/718 538/697/538 537/696/537
f 712/1024/718 714/1028/720 538/697/538
f 715/1029/721 713/1026/719 539/1030/539
f 713/1026/719 537/1027/537 539/1030/539
f 716/1031/722 715/1029/721 545/704/545
f 558/717/558 713/1026/719 308/369/308
f 716/1031/722 308/369/308 713/1026/719
f 308/369/308 716/1031/722 581/768/581
f 308/369/308 581/768/581 306/367/306
f 581/768/581 716/1031/722 544/703/544
f 581/768/581 544/703/544 583/770/583
f 544/703/544 716/1031/722 545/704/545
f 544/703/544 546/705/546 583/770/583
f 714/1028/720 717/1032/723 538/697/538
f 538/697/538 717/1032/723 540/699/540
f 714/1033/720 607/806/607 717/1034/723
f 718/1035/724 539/1030/539 540/1036/540
f 718/1035/724 715/1029/721 539/1030/539
f 715/1029/721 718/1035/724 545/704/545
f 718/1035/724 540/1036/540 717/1037/723
f 718/1038/724 717/1034/723 542/832/542
f 541/700/541 545/704/545 718/1035/724
f 718/1035/724 542/701/542 541/700/541
f 714/1033/720 719/1039/725 607/806/607
f 542/832/542 717/1034/723 607/806/607
f 607/806/607 719/1039/725 605/807/605
f 607/806/607 608/808/608 542/832/542
f 584/771/584 583/770/583 546/705/546
f 546/705/546 545/704/545 541/700/541
f 546/705/546 547/706/547 584/771/584
f 585/772/585 547/706/547 695/963/697
f 585/772/585 695/963/697 434/529/434
f 435/530/435 585/772/585 434/529/434
f 712/1040/718 556/1041/556 720/1042/726
f 712/1040/718 720/1042/726 714/1033/720
f 716/1031/722 713/1026/719 715/1029/721
l 722 382
l 1 721
